url,title,published,outlet,title_was_encoded,keywords_matched,keyword_stances,n_keywords,n_support,n_backlash,has_hashtag_term,article_stance,article_type,source_country,year,status,chars,verdict,http_code,method
http://www.1063word.com/articles/ap-news/church-expert-metoo-chile-bishop-scandal-wake-call,,2018-02-09 22:00:00 UTC,1063word.com,False,#MeToo,#MeToo [Support],1,1,0,True,Support,News/Reporting,UNKNOWN,2018,FETCH_FAILED,2158,RECOVERED_wayback,404,wayback
https://www.thecourier.co.uk/news/uk-world/866456/metoo-leader-says-level-of-harassment-at-universities-is-horrifying/,,2019-04-08 18:30:00 UTC,thecourier.co.uk,False,#MeToo,#MeToo [Support],1,1,0,True,Support,News/Reporting,United Kingdom,2019,FETCH_FAILED,2959,RECOVERED_wayback,403,wayback
https://www.cameroun-online.com/fr/actualit%c3%a9s/cameroun-un-soldat-camerounais-au-tribunal-pour-viol-sur-mineure,,2018-07-25 18:15:00 UTC,cameroun-online.com,False,viol,viol [Support],1,1,0,False,Support,News/Reporting,Cameroon,2018,FETCH_FAILED,0,NO_TEXT_browser,200,
http://www.thevanguard.ca/opinion/columnists/metoo-knowing-youre-not-alone-helps-sexual-assault-survivors-move-towards-healing-245998/,,2018-10-01 17:00:00 UTC,thevanguard.ca,False,#MeToo,#MeToo [Support],1,1,0,True,Support,Opinion/Editorial,Canada,2018,FETCH_FAILED,2083,RECOVERED_browser,200,browser_headers
http://www.wemu.org/post/amid-metoo-new-york-employers-face-strict-new-sexual-harassment-laws,,2018-10-09 21:45:00 UTC,wemu.org,False,#MeToo,#MeToo [Support],1,1,0,True,Support,News/Reporting,United States,2018,TOO_SHORT,143,SHORT_browser,200,browser_headers
http://ansabrasil.com.br/brasil/noticias/brasil/cultura/2018/05/09/polanski-diz-que-movimento-metoo-e-histeria-coletiva_7935a255-b397-47bf-a97a-17cd4380608d.html,,2018-05-09 20:15:00 UTC,ansabrasil.com.br,False,#MeToo,#MeToo [Support],1,1,0,True,Support,News/Reporting,Brazil,2018,FETCH_FAILED,0,DEAD_no_archive,404,
https://new.qq.com/omn/20191227/20191227A0BMCR00.html,民法典细化性骚扰规定，用人单位如何担责尚存争议_腾讯新闻,2019-12-27 07:15:00 UTC,qq.com,True,性骚扰,性骚扰 [Support],1,1,0,False,Support,News/Reporting,China,2019,FETCH_FAILED,0,NO_TEXT_browser,200,
https://www.sify.com/news/7-years-of-nirbhaya-case--ncw-chief-urges-sc-to-execute-convicts-news-national-tmqoGdcjgicib.html,7 years of Nirbhaya case: NCW chief urges SC to execute convicts,2019-12-16 09:45:00 UTC,sify.com,False,Nirbhaya,Nirbhaya [Support],1,1,0,False,Support,News/Reporting,India,2019,FETCH_FAILED,0,DEAD_no_archive,DNS_OR_CONN,
http://time.mk/c/e2211c3b4a/kombinacijata-na-ricinusovo-maslo-so-drugi-masla-vetuva-zdrava-i-neguvana-koza.html,,2018-02-06 13:00:00 UTC,time.mk,False,masla,masla [Backlash],1,0,1,False,Backlash,News/Reporting,Macedonia,2018,NO_TEXT,401,RECOVERED_browser,200,browser_headers
https://www.kvirispalitra.ge/sadgegrdzelod/57883-qneta-mec-ar-gamagizhebdeth-thqvena-daq-avlip-zurabashvilis-mkhiaruli-istoriebi.html,"კვირის პალიტრა -  ""ნეტა მეც არ გამაგიჟებდეთ თქვენა და..."" - ავლიპ ზურაბაშვილის მხიარული ისტორიები",2019-10-19 16:15:00 UTC,kvirispalitra.ge,True,#მეც,#მეც [Support],1,1,0,True,Support,News/Reporting,UNKNOWN,2019,FETCH_FAILED,3129,RECOVERED_browser,200,browser_headers
http://www.star98.net/news/geoffrey-rush-wins-1-9m-payout-on-metoo-defamation-case/,,2019-05-23 15:15:00 UTC,star98.net,False,#MeToo,#MeToo [Support],1,1,0,True,Support,News/Reporting,UNKNOWN,2019,FETCH_FAILED,1714,RECOVERED_wayback,404,wayback
http://republica.com.uy/investigan-intento-de-femicidio-el-agresor-se-ahorco-id670710/,,2018-08-13 23:45:00 UTC,republica.com.uy,False,femicidio,femicidio [Support],1,1,0,False,Support,News/Reporting,Uruguay,2018,FETCH_FAILED,995,RECOVERED_wayback,404,wayback
http://www.thecourierexpress.com/lifestyle/entertainment/little-mix-pen-track-about-metoo-movement/article_919457bc-2939-5c64-bf9e-7ce954fa0619.html,,2018-10-12 20:30:00 UTC,thecourierexpress.com,False,#MeToo,#MeToo [Support],1,1,0,True,Support,News/Reporting,United States,2018,FETCH_FAILED,1504,RECOVERED_wayback,404,wayback
https://cinema.maalaimalar.com/cinema/cinemanews/2019/11/05215308/1269850/Isha-Koppikar-On-Casting-Couch.vpf,முன்னணி நடிகர் பாலியல் தொல்லை கொடுத்தார்- நடிகை இஷா கோபிகர் குற்றச்சாட்டு || Isha Koppikar On Casting Couch,2019-11-05 18:15:00 UTC,maalaimalar.com,True,பாலியல் தொல்லை,பாலியல் தொல்லை [Support],1,1,0,False,Support,News/Reporting,India,2019,FETCH_FAILED,0,DEAD_no_archive,TIMEOUT,
https://www.vt.se/nyheter/frias-och-falls-for-metoo-program-om6275070.aspx,,2019-09-02 15:30:00 UTC,vt.se,False,#MeToo,#MeToo [Support],1,1,0,True,Support,News/Reporting,Sweden,2019,FETCH_FAILED,0,DEAD_no_archive,404,
https://www.dailymail.co.uk/wires/afp/article-6186599/New-York-Review-Books-editor-departs-outrage-MeToo-essay.html,,2018-09-21 13:00:00 UTC,dailymail.co.uk,False,#MeToo,#MeToo [Support],1,1,0,True,Support,News/Reporting,United Kingdom,2018,FETCH_FAILED,2760,RECOVERED_browser,200,browser_headers
http://thestarphoenix.com/pmn/news-pmn/metoo-movement-starting-to-show-generational-divides/wcm/0b31a068-c4ef-4b34-82e2-f503350280ee,,2018-01-28 17:45:00 UTC,thestarphoenix.com,False,#MeToo,#MeToo [Support],1,1,0,True,Support,News/Reporting,Canada,2018,FETCH_FAILED,6053,RECOVERED_wayback,404,wayback
http://www.kltv.com/story/37563644/california-senator-quits-as-legislature-grapples-with-metoo,,2018-02-23 03:30:00 UTC,kltv.com,False,#MeToo,#MeToo [Support],1,1,0,True,Support,News/Reporting,United States,2018,FETCH_FAILED,0,DEAD_no_archive,404,
http://www.ksks.com/news/roseanne-barr-goes-after-metoo/,,2019-03-04 21:15:00 UTC,ksks.com,False,#MeToo,#MeToo [Support],1,1,0,True,Support,News/Reporting,UNKNOWN,2019,FETCH_FAILED,1261,RECOVERED_wayback,404,wayback
https://www.elgrafico.mx/la-roja/declaran-culpable-hombre-por-feminicidio-de-su-pareja-en-edomex-dijo-que-se-suicido,Declaran culpable a hombre por feminicidio de su pareja en Edomex; dijo que se suicidó,2019-12-04 20:15:00 UTC,elgrafico.mx,True,feminicidio,feminicidio [Support],1,1,0,False,Support,News/Reporting,Mexico,2019,FETCH_FAILED,3236,RECOVERED_browser,200,browser_headers
https://www.24heures.ch/monde/Un-gourou-condamne-pour-le-viol-de-fideles/story/26939707,,2018-11-22 07:45:00 UTC,24heures.ch,False,viol,viol [Support],1,1,0,False,Support,News/Reporting,Switzerland,2018,FETCH_FAILED,3086,RECOVERED_browser,200,browser_headers
http://www.harnesslink.com/International/SI-SEMALU-TAKES-SLOPPY-SATURDAY-POCONO-FEATURE--LUCK-BE-WITHYOU-RETIRES-TO-STUD,,2017-11-19 09:15:00 UTC,harnesslink.com,False,#WithYou,#WithYou [Support],1,1,0,True,Support,News/Reporting,United States,2017,NO_TEXT,1999,RECOVERED_browser,200,browser_headers
http://www.newsradio1440.com/news/sexual-harassment-in-america-what-happens-after-metoo/,,2017-11-13 22:30:00 UTC,newsradio1440.com,False,#MeToo,#MeToo [Support],1,1,0,True,Support,News/Reporting,UNKNOWN,2017,FETCH_FAILED,1112,RECOVERED_browser,200,browser_headers
https://a8se.com/sergipe/noticia/2019/11/169863-pc-prende-em-sp-homem-acusado-praticar-feminicidio-em-sergipe.html,Sergipe – PC prende em SP homem acusado praticar feminicídio em Sergipe – A8 Sergipe – O seu portal de notícias,2019-11-14 16:30:00 UTC,a8se.com,True,feminicidio,feminicidio [Support],1,1,0,False,Support,News/Reporting,Brazil,2019,FETCH_FAILED,0,DEAD_no_archive,403,
http://www.ksks.com/news/jane-fonda-on-living-to-see-the-metoo-movement/,,2018-09-25 18:30:00 UTC,ksks.com,False,#MeToo,#MeToo [Support],1,1,0,True,Support,News/Reporting,UNKNOWN,2018,FETCH_FAILED,1802,RECOVERED_wayback,404,wayback
http://bpr.org/post/metoo-rallies-wnc-seek-end-stigma-being-victim,,2018-05-03 22:00:00 UTC,bpr.org,False,#MeToo,#MeToo [Support],1,1,0,True,Support,News/Reporting,UNKNOWN,2018,FETCH_FAILED,2418,RECOVERED_browser,200,browser_headers
https://www.panapress.com/UN-rights-chief-expresses-serio-a_630607823-lang2.html,UN rights chief expresses 'serious concerns' over due process,2019-09-28 07:45:00 UTC,panapress.com,False,due process,due process [Backlash],1,0,1,False,Backlash,News/Reporting,UNKNOWN,2019,TOO_SHORT,0,DEAD_no_archive,403,
https://www.caribbeanherald.com/news/258108637/india-metoo-moment-roils-entertainment-media-industries,,2018-10-10 14:45:00 UTC,caribbeanherald.com,False,#MeToo,#MeToo [Support],1,1,0,True,Support,News/Reporting,United States,2018,FETCH_FAILED,0,DEAD_no_archive,404,
http://www.news.com.au/entertainment/celebrity-life/jennifer-lopez-shares-metoo-story-i-was-terrified/news-story/c7b99ef1d7d084ad4dbb5a94071d8b0f,,2018-03-16 10:15:00 UTC,news.com.au,False,#MeToo,#MeToo [Support],1,1,0,True,Support,News/Reporting,Australia,2018,FETCH_FAILED,0,DEAD_no_archive,403,
https://www.joplinglobe.com/region/metoo-leader-launches-new-hashtag-to-mobilize-voters/article_1991c0ce-6f75-54f4-b437-2820dbffb553.html,#MeToo leader launches new hashtag to mobilize voters,2019-10-15 15:30:00 UTC,joplinglobe.com,False,#MeToo,#MeToo [Support],1,1,0,True,Support,News/Reporting,United States,2019,FETCH_FAILED,3406,RECOVERED_wayback,404,wayback
http://www.elgrafico.mx/la-roja/condenan-40-anos-de-carcel-pareja-de-ecatepec-por-feminicidio,,2019-06-20 01:15:00 UTC,elgrafico.mx,False,feminicidio,feminicidio [Support],1,1,0,False,Support,News/Reporting,Mexico,2019,FETCH_FAILED,3236,RECOVERED_browser,200,browser_headers
http://www.bursadabugun.com/haber/feyzioglu-emine-bulut-un-ailesinin-avukatligini-yapacak-1221438.html,"Feyzioğlu, Emine Bulut'un ailesinin avukatlığını yapacak",2019-12-12 10:00:00 UTC,bursadabugun.com,True,Emine Bulut,Emine Bulut [Support],1,1,0,False,Support,News/Reporting,Turkey,2019,FETCH_FAILED,0,DEAD_no_archive,403,
https://www.ntnews.com.au/business/companies/gillette-has-sparked-controversy-with-a-new-ad-about-the-metoo-movement/news-story/9dd8aa58653a55a200cda08b8759151f?nk=c4247b8de060a3d161d9130f7706b649-1547570854,,2019-01-15 17:00:00 UTC,ntnews.com.au,False,#MeToo,#MeToo [Support],1,1,0,True,Support,News/Reporting,Australia,2019,FETCH_FAILED,0,DEAD_no_archive,403,
https://931freshradio.ca/news/4154420/male-sexual-assault-victims-metoo-left-behind/,,2018-04-19 14:45:00 UTC,931freshradio.ca,False,#MeToo,#MeToo [Support],1,1,0,True,Support,News/Reporting,UNKNOWN,2018,FETCH_FAILED,6640,RECOVERED_wayback,404,wayback
http://www.palpalindia.com/2019/12/13/Delhi-Nirbhaya-case-Patiala-House-Court-hearing-deferred-Supreme-Court-verdict-news-in-hindi-299450.html,"निर्भया केस: पटियाला हाउस कोर्ट ने सुनवाई टाली, कहा-सुप्रीम कोर्ट का फैसला आने दें   news in hindi",2019-12-13 06:30:00 UTC,palpalindia.com,True,Nirbhaya,Nirbhaya [Support],1,1,0,False,Support,News/Reporting,India,2019,NO_TEXT,809,RECOVERED_browser,200,browser_headers
https://www.ktvz.com/entertainment/geoffrey-rush-wins-metoo-defamation-case/1068013076,,2019-04-11 13:45:00 UTC,ktvz.com,False,#MeToo,#MeToo [Support],1,1,0,True,Support,News/Reporting,United States,2019,FETCH_FAILED,1443,RECOVERED_wayback,404,wayback
http://www.pionline.com/article/20180524/ONLINE/180529910/top-idg-capital-investment-executive-fired-in-rare-chinese-metoo-flare-up,,2018-05-24 22:15:00 UTC,pionline.com,False,#MeToo,#MeToo [Support],1,1,0,True,Support,News/Reporting,United States,2018,TOO_SHORT,399,SHORT_browser,200,browser_headers
http://www.ipswichstar.co.uk/news/business/topshop-owner-philip-green-businessman-metoo-scandal-uk-1-5752480,,2018-10-25 19:15:00 UTC,ipswichstar.co.uk,False,#MeToo,#MeToo [Support],1,1,0,True,Support,News/Reporting,United Kingdom,2018,FETCH_FAILED,0,DEAD_no_archive,404,
https://www.teleprensa.com/granada/el-iam-atendio-en-agosto-un-62-mas-de-mujeres-y-menores-victimas-de-violencia-de-genero-en-centros-de-acogida.html.html,El IAM atendió en agosto un 62% más de mujeres y menores víctimas de violencia de género en centros de acogida,2019-09-24 12:45:00 UTC,teleprensa.com,True,violencia de género,violencia de género [Support],1,1,0,False,Support,News/Reporting,Spain,2019,FETCH_FAILED,2791,RECOVERED_browser,200,browser_headers
https://www.informationng.com/2019/07/coza-alibaba-calls-out-pastors-for-keeping-mute-over-rape-allegation.html,,2019-07-01 16:15:00 UTC,informationng.com,False,COZA,COZA [Support],1,1,0,False,Support,News/Reporting,Nigeria,2019,NO_TEXT,924,RECOVERED_browser,200,browser_headers
https://globegazette.com/entertainment/music/soul-searching-in-opera-world-after-tumultuous-metoo-year/article_05704baa-21fe-57ae-9f89-5d89c96ae72f.html,Soul-searching in opera world after tumultuous #MeToo year,2019-12-29 19:45:00 UTC,globegazette.com,False,#MeToo,#MeToo [Support],1,1,0,True,Support,News/Reporting,United States,2019,FETCH_FAILED,6972,RECOVERED_wayback,404,wayback
https://www.lmtonline.com/news/article/Teenager-s-gang-rape-claim-inspires-MeToo-13288039.php,,2018-10-07 12:00:00 UTC,lmtonline.com,False,#MeToo,#MeToo [Support],1,1,0,True,Support,News/Reporting,United States,2018,FETCH_FAILED,6604,RECOVERED_wayback,410,wayback
https://www.ripplesnigeria.com/daddy-freeze-claims-hes-heard-sordid-tales-of-coza-pastor-called-out-by-timi-dakolo/,,2019-05-31 11:00:00 UTC,ripplesnigeria.com,False,COZA,COZA [Support],1,1,0,False,Support,News/Reporting,UNKNOWN,2019,NO_TEXT,0,DEAD_no_archive,SSL,
http://www.utv.ro/news/nick-carter-de-la-backstreet-boys-este-acuzat-de-viol/,,2017-11-22 11:45:00 UTC,utv.ro,False,viol,viol [Support],1,1,0,False,Support,News/Reporting,Romania,2017,FETCH_FAILED,1319,RECOVERED_browser,200,browser_headers
http://www.vt.se/kultur-noje/fallet-med-kulturprofilen-detta-har-hant-om5491162.aspx,,2018-10-01 10:00:00 UTC,vt.se,False,Kulturprofilen,Kulturprofilen [Support],1,1,0,False,Support,News/Reporting,Sweden,2018,FETCH_FAILED,0,DEAD_no_archive,404,
http://theprovince.com/entertainment/celebrity/babes-aziz-ansari-piece-was-a-gift-to-anyone-who-wants-to-derail-metoo/wcm/1cbbf9d6-b6ca-4ef6-aa58-74a7f114609b,,2018-01-16 23:15:00 UTC,theprovince.com,False,#MeToo,#MeToo [Support],1,1,0,True,Support,News/Reporting,Canada,2018,FETCH_FAILED,5873,RECOVERED_wayback,410,wayback
http://www.elchubut.com.ar/nota/2018-4-5-23-15-0-hoy-se-conocera-el-veredicto-por-un-femicidio-en-comodoro,,2018-04-06 07:15:00 UTC,elchubut.com.ar,False,femicidio,femicidio [Support],1,1,0,False,Support,News/Reporting,Argentina,2018,NO_TEXT,1329,RECOVERED_browser,200,browser_headers
https://ottawasun.com/entertainment/celebrity/russell-simmons-slams-oprah-for-singling-him-out-in-metoo-documentary/wcm/b06889c7-2493-4d18-99f1-fb983422684d,Russell Simmons slams Oprah for 'singling' him out in #MeToo documentary,2019-12-16 16:30:00 UTC,ottawasun.com,False,#MeToo,#MeToo [Support],1,1,0,True,Support,News/Reporting,Canada,2019,FETCH_FAILED,0,DEAD_no_archive,410,
http://www.1090kaay.com/news/from-fellow-soldier-to-monster-in-uniform-metoo-in-the-military/,,2018-02-07 13:15:00 UTC,1090kaay.com,False,#MeToo,#MeToo [Support],1,1,0,True,Support,News/Reporting,UNKNOWN,2018,FETCH_FAILED,20555,RECOVERED_wayback,404,wayback
http://www.live5news.com/story/37694684/metoo-is-fresh-backdrop-in-lawsuit-over-haiti-abuse-claims,,2018-03-10 20:30:00 UTC,live5news.com,False,#MeToo,#MeToo [Support],1,1,0,True,Support,News/Reporting,United States,2018,FETCH_FAILED,0,DEAD_no_archive,404,
http://www.newsradio1440.com/news/moonves-negotiated-exit-shows-the-power-of-timesup/,,2018-09-11 05:30:00 UTC,newsradio1440.com,False,#TimesUp,#TimesUp [Support],1,1,0,True,Support,News/Reporting,UNKNOWN,2018,FETCH_FAILED,1112,RECOVERED_browser,200,browser_headers
http://celebcafe.org/trump-s-outburst-triggers-whyididntreport-storm-united-states-news-top-stories-2422/,,2018-09-25 05:00:00 UTC,celebcafe.org,False,#WhyIDidntReport,#WhyIDidntReport [Support],1,1,0,True,Support,News/Reporting,United States,2018,FETCH_FAILED,2975,RECOVERED_wayback,DNS_OR_CONN,wayback
http://www.tribdem.com/cnhi_network/party-animal-arizona-lawmaker-expelled-after-metoo-movement/article_574e1bd4-6c53-5e10-8235-9251af5b7c48.html,,2018-02-02 14:45:00 UTC,tribdem.com,False,#MeToo,#MeToo [Support],1,1,0,True,Support,News/Reporting,United States,2018,FETCH_FAILED,4582,RECOVERED_wayback,404,wayback
http://sevilla.abc.es/cultura/cultural/abci-fenomeno-metoo-analizado-siete-personalidades-cultura-espana-201801280635_noticia.html,,2018-01-28 06:15:00 UTC,sevilla.abc.es,False,#MeToo,#MeToo [Support],1,1,0,True,Support,News/Reporting,Spain,2018,FETCH_FAILED,0,DEAD_no_archive,410,
https://www.postregister.com/news/national/report-metoo-activist-argento-settled-sex-assault-complaint/article_51c7e9f9-9705-5a29-af6a-d00d425885c5.html,,2018-08-20 10:30:00 UTC,postregister.com,False,#MeToo,#MeToo [Support],1,1,0,True,Support,News/Reporting,United States,2018,FETCH_FAILED,1728,RECOVERED_wayback,404,wayback
http://www.kurv.com/evangelicals-confront-sex-abuse-problems-in-metoo-era/,,2018-08-17 20:30:00 UTC,kurv.com,False,#MeToo,#MeToo [Support],1,1,0,True,Support,News/Reporting,United States,2018,FETCH_FAILED,0,DEAD_no_archive,404,
http://noticieros.televisa.com/ultimas-noticias/cdmx/2017-10-19/tribunal-reclasifica-homicidio-lesvy-berlin-feminicidio/,,2017-10-19 05:45:00 UTC,televisa.com,False,feminicidio,feminicidio [Support],1,1,0,False,Support,News/Reporting,Mexico,2017,FETCH_FAILED,1124,RECOVERED_wayback,410,wayback
http://canariasactual.com/2013/05/21/fuerteventura-firma-con-el-gobierno-de-canarias-el-convenio-para-garantizar-la-atencion-a-las-victimas-de-violencia-de-genero/,Fuerteventura firma con el Gobierno de Canarias el convenio para garantizar la atención a las víctimas de violencia de género,2019-12-18 01:45:00 UTC,canariasactual.com,True,violencia de género,violencia de género [Support],1,1,0,False,Support,News/Reporting,Spain,2019,FETCH_FAILED,0,DEAD_no_archive,DNS_OR_CONN,
http://www.wmac-am.com/news/henry-cavill-apologizes-after-metoo-backlash/,,2018-07-13 23:30:00 UTC,wmac-am.com,False,#MeToo,#MeToo [Support],1,1,0,True,Support,News/Reporting,UNKNOWN,2018,FETCH_FAILED,0,DEAD_no_archive,404,
https://www.nytimes.com/2018/02/28/us/politics/nra-logo-no-metoo-shirt-maybe-justices-weigh-political-apparel-at-polls.html,,2018-02-28 21:15:00 UTC,nytimes.com,False,#MeToo,#MeToo [Support],1,1,0,True,Support,News/Reporting,United States,2018,FETCH_FAILED,5000,RECOVERED_wayback,403,wayback
http://www.paraguay.com/nacionales/anciano-se-suicida-lanzandose-a-un-pozo-tras-cometer-feminicidio-188291,,2019-04-29 17:45:00 UTC,paraguay.com,False,feminicidio,feminicidio [Support],1,1,0,False,Support,News/Reporting,Paraguay,2019,FETCH_FAILED,0,DEAD_no_archive,404,
http://www.klik1240.com/news/keshas-praying-is-grammys-metoo-moment/,,2018-01-29 06:30:00 UTC,klik1240.com,False,#MeToo,#MeToo [Support],1,1,0,True,Support,News/Reporting,UNKNOWN,2018,FETCH_FAILED,1112,RECOVERED_browser,200,browser_headers
http://www.weatherforddemocrat.com/cnhi_network/palestinian-american-brings-metoo-campaign-to-west-bank/article_1956ff91-7e1e-5849-ad7b-ef2cf9489d8a.html,,2018-02-03 09:15:00 UTC,weatherforddemocrat.com,False,#MeToo,#MeToo [Support],1,1,0,True,Support,News/Reporting,United States,2018,FETCH_FAILED,0,DEAD_no_archive,404,
http://www.lanouvellegazette.be/238639/article/2018-06-02/anderlues-deux-amies-piegees-par-la-drogue-du-viol-en-boite,,2018-06-02 07:00:00 UTC,lanouvellegazette.be,False,viol,viol [Support],1,1,0,False,Support,News/Reporting,Belgium,2018,FETCH_FAILED,0,DEAD_no_archive,403,
https://www.informnny.com/news/state-responses-to-metoo-lean-toward-transparency-fairness/1396692737,,2018-08-26 09:15:00 UTC,informnny.com,False,#MeToo,#MeToo [Support],1,1,0,True,Support,News/Reporting,United States,2018,FETCH_FAILED,0,DEAD_no_archive,403,
http://www.660wxqw.com/news/pamela-anderson-slams-metoo-movement/,,2018-11-06 05:00:00 UTC,660wxqw.com,False,#MeToo,#MeToo [Support],1,1,0,True,Support,News/Reporting,UNKNOWN,2018,FETCH_FAILED,0,DEAD_no_archive,404,
https://www.omaha.com/news/nation/despite-metoo-rape-cases-still-confound-police/article_78fb422c-d17d-5d12-922f-6d56c1b68d0f.html,,2018-12-27 15:45:00 UTC,omaha.com,False,#MeToo,#MeToo [Support],1,1,0,True,Support,News/Reporting,United States,2018,FETCH_FAILED,0,DEAD_no_archive,404,
http://www.canindia.com/ranvir-shorey-trolled-for-joking-about-metoo-in-context-of-caa-stir/,Ranvir Shorey trolled for joking about #MeToo in context of CAA stir,2019-12-18 11:15:00 UTC,canindia.com,False,#MeToo,#MeToo [Support],1,1,0,True,Support,News/Reporting,India,2019,FETCH_FAILED,0,DEAD_no_archive,DNS_OR_CONN,
https://www.republica.com/2019/09/24/pp-y-vox-piden-que-el-ejido-salga-del-sistema-de-seguimiento-de-violencia-de-genero/,PP y Vox piden que El Ejido salga del sistema de seguimiento de violencia de género,2019-09-24 13:30:00 UTC,republica.com,True,violencia de género,violencia de género [Support],1,1,0,False,Support,News/Reporting,Spain,2019,FETCH_FAILED,0,DEAD_no_archive,404,
http://www.ziarelive.ro/stiri/prodecanul-facultatii-de-teologie-vasile-raduca-si-a-dat-demisia-dupa-declaratiile-despre-viol-si-sarcina.html,,2019-07-24 15:15:00 UTC,ziarelive.ro,False,viol,viol [Support],1,1,0,False,Support,News/Reporting,UNKNOWN,2019,FETCH_FAILED,0,DEAD_no_archive,403,
https://www.nairaland.com/5280570/justin-coza-not-member,,2019-07-03 23:00:00 UTC,nairaland.com,False,COZA,COZA [Support],1,1,0,False,Support,News/Reporting,Nigeria,2019,FETCH_FAILED,0,DEAD_no_archive,403,
http://www.dailymail.co.uk/tvshowbiz/article-5849687/Who-Chloe-Dykstra-Chris-Hardwicks-ex-girlfriend-revealed-MeToo-essay.html,,2018-06-15 19:30:00 UTC,dailymail.co.uk,False,#MeToo,#MeToo [Support],1,1,0,True,Support,News/Reporting,United Kingdom,2018,FETCH_FAILED,32,SHORT_browser,200,browser_headers
http://www.lesoir.be/143383/article/2018-03-03/oscars-2018-une-trentaine-dhommes-lance-leur-mouvement-de-soutien-metoo,,2018-03-03 22:45:00 UTC,lesoir.be,False,#MeToo,#MeToo [Support],1,1,0,True,Support,News/Reporting,Belgium,2018,FETCH_FAILED,0,DEAD_no_archive,403,
http://www.oanow.com/apwire/news/national/female-lawmaker-and-metoo-leader-in-california-legislature-cleared-of/article_2a84c171-5d59-5145-9140-9177a9315679.html,,2018-05-18 00:00:00 UTC,oanow.com,False,#MeToo,#MeToo [Support],1,1,0,True,Support,News/Reporting,United States,2018,FETCH_FAILED,0,DEAD_no_archive,404,
http://www.guadeloupe.franceantilles.fr/actualite/france/soupconne-de-viol-le-chanteur-marocain-saad-lamjarred-en-garde-a-vue-a-saint-tropez-500600.php,,2018-08-27 10:30:00 UTC,guadeloupe.franceantilles.fr,False,viol,viol [Support],1,1,0,False,Support,News/Reporting,France,2018,TOO_SHORT,270,SHORT_browser,200,browser_headers
https://www.noticiasdenavarra.com/2019/11/14/vecinos/navarra-entidades-locales-llaman-a-los-hombres-a-que-se-movilicen-por-una-igualdad-real-y-contra-la-violencia-de-genero,"Más de 80 entidades locales llaman a movilizarse por una ""igualdad real""y contra la violencia de género. Noticias de Navarra",2019-11-14 14:30:00 UTC,noticiasdenavarra.com,True,violencia de género,violencia de género [Support],1,1,0,False,Support,News/Reporting,Spain,2019,FETCH_FAILED,0,DEAD_no_archive,404,
http://wbt.com/articles/ap-news/year-metoo-scoop-tweet-and-then-reckoning,,2017-12-20 02:15:00 UTC,wbt.com,False,#MeToo,#MeToo [Support],1,1,0,True,Support,News/Reporting,United States,2017,FETCH_FAILED,0,DEAD_no_archive,404,
https://www.zazoom.it/2019-12-10/sfiorata-la-rissa-tra-asia-argento-e-vincenzo-cruciani/6008230/,Sfiorata la rissa tra Asia Argento e Vincenzo Cruciani -,2019-12-10 09:00:00 UTC,zazoom.it,False,Asia Argento,Asia Argento [Support],1,1,0,False,Support,News/Reporting,Italy,2019,FETCH_FAILED,0,DEAD_no_archive,410,
http://www.greensboro.com/ap/us_world/in-age-of-metoo-can-there-be-forgiveness-second-chances/article_7cf3dd63-aad0-5708-a6ab-69e1b24abc76.html,,2018-04-15 19:30:00 UTC,greensboro.com,False,#MeToo,#MeToo [Support],1,1,0,True,Support,News/Reporting,United States,2018,FETCH_FAILED,0,DEAD_no_archive,404,
http://www.wiesbadener-tagblatt.de/ratgeber/leben-und-geniessen/familie/metoo-wie-die-sexismus-debatte-maenner-umtreibt_18294499.htm,,2017-11-03 15:00:00 UTC,wiesbadener-tagblatt.de,False,#MeToo,#MeToo [Support],1,1,0,True,Support,News/Reporting,Germany,2017,FETCH_FAILED,0,DEAD_no_archive,404,
http://www.nuevodiarioweb.com.ar/noticias/2018/12/15/178569-guillermina-valdes-se-sumo-al-miracomonosponemos-y-termino-exponiendo-a-tinelli,,2018-12-15 20:30:00 UTC,nuevodiarioweb.com.ar,False,#MiraComoNosPonemos,#MiraComoNosPonemos [Support],1,1,0,True,Support,News/Reporting,Argentina,2018,NO_TEXT,1724,RECOVERED_browser,200,browser_headers
https://www.rionegro.com.ar/region/doble-femicidio-acusaron-de-despreocupacion-al-juez-y-al-fiscal-BL5728892,,2018-09-20 04:15:00 UTC,rionegro.com.ar,False,femicidio,femicidio [Support],1,1,0,False,Support,News/Reporting,Argentina,2018,FETCH_FAILED,0,DEAD_no_archive,404,
http://rewind1009.com/news/030030-in-metoo-era-cosby-teams-attacks-on-victims-may-have-backfired/,,2018-04-27 12:45:00 UTC,rewind1009.com,False,#MeToo,#MeToo [Support],1,1,0,True,Support,News/Reporting,UNKNOWN,2018,FETCH_FAILED,0,DEAD_no_archive,404,
https://www.rtbf.be/info/monde/detail_france-le-depute-gilbert-collard-vise-par-une-plainte-pour-viol?id=9945451,,2018-06-14 13:30:00 UTC,rtbf.be,False,viol,viol [Support],1,1,0,False,Support,News/Reporting,Belgium,2018,TOO_SHORT,399,SHORT_browser,200,browser_headers
https://nationalpost.com/opinion/christie-blatchford-on-the-metoo-movement-the-lucky-men-now-like-ghomeshi-are-formally-accused,,2018-07-19 23:45:00 UTC,nationalpost.com,False,#MeToo,#MeToo [Support],1,1,0,True,Support,Opinion/Editorial,Canada,2018,FETCH_FAILED,984,RECOVERED_browser,200,browser_headers
https://www.ziare-pe-net.ro/stiri/ion-a-fost-acuzat-de-viol-pentru-ca-a-purtat-haine-inchise-la-culoare-ce-au-descoperit-judecatorii-dupa-sapte-ani-de-ancheta-rusine-colosala-in-justitia-romana-6068960.html,,2018-11-20 10:15:00 UTC,ziare-pe-net.ro,False,viol,viol [Support],1,1,0,False,Support,News/Reporting,Romania,2018,FETCH_FAILED,0,DEAD_no_archive,404,
https://www.ksat.com/entertainment/celebrity-pakistani-women-add-voices-to-metoo-movement,,2018-01-16 23:45:00 UTC,ksat.com,False,#MeToo,#MeToo [Support],1,1,0,True,Support,News/Reporting,United States,2018,FETCH_FAILED,0,DEAD_no_archive,404,
http://www.blazin923.com/news/elton-john-supports-metoo-movement-but-denounces-lack-of-due-process/,,2018-01-25 22:45:00 UTC,blazin923.com,False,#MeToo,#MeToo [Support],1,1,0,True,Support,News/Reporting,UNKNOWN,2018,FETCH_FAILED,753,RECOVERED_browser,200,browser_headers
https://www.plovdiv24.bg/novini/plovdiv/Mnogo-losha-novina-za-zhenata-koyato-834699,,2018-12-12 13:45:00 UTC,plovdiv24.bg,False,#LoSHA,#LoSHA [Support],1,1,0,True,Support,News/Reporting,UNKNOWN,2018,NO_TEXT,532,RECOVERED_browser,200,browser_headers
https://noticias.r7.com/sao-paulo/o-assassino-viveu-3-anos-dentro-de-casa-diz-mae-de-vitima-feminicidio-18022019,,2019-02-18 18:30:00 UTC,r7.com,False,feminicidio,feminicidio [Support],1,1,0,False,Support,News/Reporting,Brazil,2019,FETCH_FAILED,0,DEAD_no_archive,404,
https://www.pentictonwesternnews.com/opinion/auntie-says-the-metoo-movement-is-now-hetoo-take-a-stand/,,2018-11-26 09:00:00 UTC,pentictonwesternnews.com,False,#MeToo,#MeToo [Support],1,1,0,True,Support,Opinion/Editorial,UNKNOWN,2018,FETCH_FAILED,4710,RECOVERED_browser,200,browser_headers
http://www.kiss-1031.com/news/terry-crews-responds-to-those-who-question-his-metoo-story/,,2018-06-29 21:45:00 UTC,kiss-1031.com,False,#MeToo,#MeToo [Support],1,1,0,True,Support,News/Reporting,UNKNOWN,2018,FETCH_FAILED,0,DEAD_no_archive,404,
http://www.eltribuno.info/salta/nota/2017-10-1-0-0-0-en-un-dia-tres-mujeres-fueron-victimas-de-femicidio,,2017-10-01 05:30:00 UTC,eltribuno.info,False,femicidio,femicidio [Support],1,1,0,False,Support,News/Reporting,Argentina,2017,NO_TEXT,4965,RECOVERED_browser,200,browser_headers
http://www.nordeclair.fr/103324/article/2017-10-21/tariq-ramadan-vise-par-une-plainte-pour-viol-et-agressions-sexuelles-va-porter,,2017-10-21 15:00:00 UTC,nordeclair.fr,False,viol,viol [Support],1,1,0,False,Support,News/Reporting,France,2017,FETCH_FAILED,0,DEAD_no_archive,403,
http://www.acritica.net/noticias/juiz-decreta-prisao-preventiva-de-autor-de-feminicidio-em-costa-rica-3/366112/,,2019-03-20 01:45:00 UTC,acritica.net,False,feminicidio,feminicidio [Support],1,1,0,False,Support,News/Reporting,Brazil,2019,FETCH_FAILED,0,DEAD_no_archive,404,
http://www.921theticket.com/news/nbcuniversal-says-it-is-releasing-former-employees-from-non-disclosure-agreements-about-sexual-harassment/,NBCUniversal says it is releasing former employees from non-disclosure agreements about sexual harassment,2019-10-26 09:30:00 UTC,921theticket.com,False,sexual harassment,sexual harassment [Support],1,1,0,False,Support,News/Reporting,UNKNOWN,2019,FETCH_FAILED,0,DEAD_no_archive,404,
http://www.otempo.com.br/capa/brasil/raquel-dodge-cria-grupo-estrat%C3%A9gico-para-enfrentar-viol%C3%AAncia-1.1535440,,2017-10-26 00:30:00 UTC,otempo.com.br,False,viol,viol [Support],1,1,0,False,Support,News/Reporting,Brazil,2017,FETCH_FAILED,0,DEAD_no_archive,404,
https://www.cbs19.tv/article/news/nation-now/ny-ag-eric-schneiderman-metoo-champion-accused-of-violence-called-on-to-resign/465-2559a7e9-76d6-4198-9389-bf5aceb6a9c5,,2018-05-08 01:45:00 UTC,cbs19.tv,False,#MeToo,#MeToo [Support],1,1,0,True,Support,News/Reporting,Tuvalu,2018,FETCH_FAILED,0,DEAD_no_archive,403,
http://www.roanoke.com/news/wire_headlines/cosby-sexual-assault-retrial-getting-underway-in-metoo-era/article_1a5f5dd3-28e2-50d7-b9fb-3c1c2a808b0d.html,,2018-04-09 12:45:00 UTC,roanoke.com,False,#MeToo,#MeToo [Support],1,1,0,True,Support,News/Reporting,United States,2018,FETCH_FAILED,0,DEAD_no_archive,404,
https://cablera.telam.com.ar/cable/582655/a-un-anio-del-femicidio-de-la-adolescente-lucia-perez-cientos-de-personas-marcharon-para-pedir-justicia,,2017-10-08 23:15:00 UTC,telam.com.ar,False,femicidio,femicidio [Support],1,1,0,False,Support,News/Reporting,Argentina,2017,FETCH_FAILED,0,DEAD_no_archive,503,
http://www.magic1021.com/entertainment/jann-wenner-says-metoo-suffers-from-absence-due-process/c5xObroUQS05k0CX8YlqRL/,,2018-03-23 19:45:00 UTC,magic1021.com,False,#MeToo,#MeToo [Support],1,1,0,True,Support,News/Reporting,UNKNOWN,2018,FETCH_FAILED,0,DEAD_no_archive,404,
http://www.leparisien.fr/essonne-91/essonne-l-animateur-soupconne-de-viol-victime-d-une-cabale-01-10-2019-8164122.php,Essonne : l'animateur soupçonné de viol victime d'une cabale,2019-10-01 17:45:00 UTC,leparisien.fr,True,viol,viol [Support],1,1,0,False,Support,News/Reporting,France,2019,FETCH_FAILED,0,DEAD_no_archive,403,
http://www.aachener-zeitung.de/news/politik/weltweiter-aufschrei-trump-zieht-bei-migration-notbremse-1.1922786,,2018-06-20 19:45:00 UTC,aachener-zeitung.de,False,#Aufschrei | #aufschrei,#Aufschrei [Support] | #aufschrei [Support],2,2,0,True,Support,News/Reporting,Germany,2018,FETCH_FAILED,0,DEAD_no_archive,403,
https://www.wowktv.com/news/ohio/-metoo-movement-causes-ohio-radio-station-to-stop-playing-baby-its-cold-outside-/1629356393,,2018-11-30 18:15:00 UTC,wowktv.com,False,#MeToo,#MeToo [Support],1,1,0,True,Support,News/Reporting,United States,2018,FETCH_FAILED,0,DEAD_no_archive,403,
https://www.allehanda.se/logga-in/lina-norberg-juuso-om-metoo-kampanjen-nu-far-aven-mannen-se-det-svart-pa-vitt,,2017-10-18 16:30:00 UTC,allehanda.se,False,#MeToo,#MeToo [Support],1,1,0,True,Support,News/Reporting,Sweden,2017,FETCH_FAILED,141,SHORT_browser,200,browser_headers
https://www.atlantico.fr/decryptage/3582959/culture-du-viol-polemiques-et-gadgetisation-du-debat-public-gilles-clavreul,"Culture du viol, polémiques et gadgétisation du débat public",2019-11-16 10:15:00 UTC,atlantico.fr,True,viol,viol [Support],1,1,0,False,Support,News/Reporting,France,2019,NO_TEXT,1259,RECOVERED_browser,200,browser_headers
http://www.businessworld.in/article/India-s-MeToo-Manthan-PM-Modi-Must-Help-Drive-Change/12-10-2018-162136/,,2018-10-12 14:45:00 UTC,businessworld.in,False,#MeToo,#MeToo [Support],1,1,0,True,Support,News/Reporting,India,2018,FETCH_FAILED,4290,RECOVERED_browser,200,browser_headers
https://www.agerpres.ro/justitie/2019/08/01/dosarele-de-viol-si-lipsire-de-libertate-aflate-la-parchetul-din-caracal-verificate-de-parchetul-general--349746,,2019-08-01 10:00:00 UTC,agerpres.ro,False,viol,viol [Support],1,1,0,False,Support,News/Reporting,Romania,2019,NO_TEXT,2664,RECOVERED_browser,200,browser_headers
http://d24am.com/amazonas/feminicidio-amazonas-tem-552-processos-sem-sentenca-aponta-cnj/,,2018-06-24 14:15:00 UTC,d24am.com,False,feminicidio,feminicidio [Support],1,1,0,False,Support,News/Reporting,Brazil,2018,FETCH_FAILED,0,DEAD_no_archive,403,
https://wartakota.tribunnews.com/2019/12/16/pelecehan-seksual-diduga-terjadi-zaman-ari-askhara-direksi-garuda-pilih-pramugari-bertubuh-indah,"Pelecehan Seksual Diduga Terjadi Zaman Ari Askhara, Direksi Garuda Pilih Pramugari Bertubuh Indah",2019-12-16 01:15:00 UTC,tribunnews.com,False,pelecehan seksual,pelecehan seksual [Support],1,1,0,False,Support,News/Reporting,Indonesia,2019,FETCH_FAILED,2284,RECOVERED_browser,200,browser_headers
https://www.greenwichtime.com/technology/businessinsider/article/Monica-Lewinsky-says-the-MeToo-movement-has-12709720.php,,2018-02-26 20:15:00 UTC,greenwichtime.com,False,#MeToo,#MeToo [Support],1,1,0,True,Support,News/Reporting,United States,2018,FETCH_FAILED,0,DEAD_no_archive,404,
https://www.midiamax.com.br/cotidiano/2019/feminicidio-para-mulheres-leis-brandas-deixam-o-agressor-cada-vez-mais-corajoso/,,2019-03-11 23:45:00 UTC,midiamax.com.br,False,feminicidio,feminicidio [Support],1,1,0,False,Support,News/Reporting,Brazil,2019,FETCH_FAILED,0,DEAD_no_archive,403,
https://www.cdt.ch/svizzera/sacerdote-accusa-un-altro-prete-di-molestie-sessuali-HD2173898,Sacerdote accusa un altro prete di molestie sessuali,2019-12-28 15:15:00 UTC,cdt.ch,False,molestie sessuali,molestie sessuali [Support],1,1,0,False,Support,News/Reporting,Switzerland,2019,FETCH_FAILED,0,DEAD_no_archive,404,
http://fox23maine.com/news/entertainment/actor-richard-kind-hopes-some-women-arent-using-metoo-campaign-for-fame,,2017-11-01 06:15:00 UTC,fox23maine.com,False,#MeToo,#MeToo [Support],1,1,0,True,Support,News/Reporting,UNKNOWN,2017,FETCH_FAILED,0,DEAD_no_archive,404,
http://periodicocentral.mx/2018/pagina-negra/feminicidios/item/1413-feminicidio-alejandra-tamayo-desaparecio-en-octubre-y-encontraron-sus-restos-el-16-de-enero-en-atlixco,,2018-01-19 20:00:00 UTC,periodicocentral.mx,False,feminicidio,feminicidio [Support],1,1,0,False,Support,News/Reporting,Mexico,2018,FETCH_FAILED,0,DEAD_no_archive,404,
https://www.inquisitr.com/5096923/donald-trump-jr-worries-sons-more-metoo-kavanaugh/,,2018-10-01 16:00:00 UTC,inquisitr.com,False,#MeToo,#MeToo [Support],1,1,0,True,Support,News/Reporting,United States,2018,FETCH_FAILED,0,DEAD_no_archive,404,
https://www.panorama.am/en/shortNews/2019/10/25/Chinese-MeToo-activist/1424066,"Chinese #MeToo activist and journalist who joined Hong Kong protests detained, friends say",2019-10-25 11:45:00 UTC,panorama.am,False,#MeToo,#MeToo [Support],1,1,0,True,Support,News/Reporting,Armenia,2019,FETCH_FAILED,0,DEAD_no_archive,404,
https://www.ziare-pe-net.ro/stiri/interlop-avansuri-la-sotiile-cunoscutilor-si-viol-in-grup-i-au-facut-portretul-profului-acuzat-de-viol-6016420.html,,2018-09-21 10:30:00 UTC,ziare-pe-net.ro,False,viol,viol [Support],1,1,0,False,Support,News/Reporting,Romania,2018,FETCH_FAILED,0,DEAD_no_archive,404,
http://www.diarionorte.com/article/176708/femicidio-en-misiones-encontraron-muerta-a-una-joven-desaparecida-desde-el-jueves,,2019-03-05 04:15:00 UTC,diarionorte.com,False,femicidio,femicidio [Support],1,1,0,False,Support,News/Reporting,Argentina,2019,FETCH_FAILED,0,DEAD_no_archive,403,
https://dcmetrotheaterarts.com/2019/10/27/afflicted-daughters-of-salem-at-laurel-mill-playhouse-is-a-haunting-story-of-witch-hunt-origins/,'Afflicted: Daughters Of Salem' at Laurel Mill Playhouse is a haunting story of witch hunt origins,2019-10-28 01:45:00 UTC,dcmetrotheaterarts.com,False,witch hunt,witch hunt [Backlash],1,0,1,False,Backlash,News/Reporting,United States,2019,FETCH_FAILED,0,DEAD_no_archive,404,
https://www.kkuriren.se/nyheter-fran-tt/for-fa-ville-ga-pa-dos-metoo-seminarium/,,2017-11-29 22:45:00 UTC,kkuriren.se,False,#MeToo,#MeToo [Support],1,1,0,True,Support,News/Reporting,Sweden,2017,FETCH_FAILED,0,DEAD_no_archive,404,
http://www.linternaute.com/actualite/depeche/afp/17/1760696/transat-jacques-vabre-le-skipper-omanais-soupconne-de-viol-toujours-en-garde-a-vue.shtml,,2017-11-05 17:45:00 UTC,linternaute.com,False,viol,viol [Support],1,1,0,False,Support,News/Reporting,France,2017,FETCH_FAILED,0,DEAD_no_archive,410,
https://www.registercitizen.com/entertainment/article/Milan-Fashion-Week-opens-with-metoo-moment-of-12631029.php,,2018-02-21 21:00:00 UTC,registercitizen.com,False,#MeToo,#MeToo [Support],1,1,0,True,Support,News/Reporting,United States,2018,FETCH_FAILED,0,DEAD_no_archive,404,
http://elpaisonline.com/index.php/2013-01-15-14-16-26/cronica/item/283633-condenan-al-feminicida-que-origino-niunamenos,,2018-03-05 05:30:00 UTC,elpaisonline.com,False,#NiUnaMenos,#NiUnaMenos [Support],1,1,0,True,Support,News/Reporting,Bolivia,2018,FETCH_FAILED,0,DEAD_no_archive,404,
https://www.vtvgujarati.com/news-details/anu-malik-quits-indian-idol-11-metoo-sony-tv,"અનુ મલિકને MeTooના આરોપો પર કામ ન આવ્યો ઓપન લેટર, છોડવો પડ્યો આ શૉ",2019-11-21 16:45:00 UTC,vtvgujarati.com,True,#MeToo,#MeToo [Support],1,1,0,True,Support,News/Reporting,India,2019,NO_TEXT,2647,RECOVERED_browser,200,browser_headers
http://www.rp-online.de/kultur/berlinale-2018-zwischen-kunst-und-metoo-aid-1.7400039,,2018-02-16 07:45:00 UTC,rp-online.de,False,#MeToo,#MeToo [Support],1,1,0,True,Support,News/Reporting,Germany,2018,FETCH_FAILED,0,DEAD_no_archive,410,
https://journalstar.com/news/national/govt-and-politics/trump-accuser-s-election-bid-is-about-more-than-metoo/article_4f98d3f9-b3d1-54ab-b858-64183245aa86.html,,2018-11-01 18:00:00 UTC,journalstar.com,False,#MeToo,#MeToo [Support],1,1,0,True,Support,News/Reporting,United States,2018,FETCH_FAILED,0,DEAD_no_archive,404,
http://hometown-pasadena.com/kpcc-blogs/the-metoo-effect-new-ca-bill-wants-to-ban-mandatory-arbitration-and-non-disclosure-agreements-in-the-workplace/136650,,2018-04-25 14:45:00 UTC,hometown-pasadena.com,False,#MeToo,#MeToo [Support],1,1,0,True,Support,News/Reporting,United States,2018,NO_TEXT,26463,RECOVERED_browser,200,browser_headers
https://www.bielertagblatt.ch/nachrichten/vermischtes/japans-vorkaempferin-der-metoo-bewegung-erringt-sieg-vor-gericht,Japans Vorkämpferin der #MeToo-Bewegung erringt Sieg vor Gericht,2019-12-18 13:30:00 UTC,bielertagblatt.ch,True,#MeToo,#MeToo [Support],1,1,0,True,Support,News/Reporting,Switzerland,2019,TOO_SHORT,63,SHORT_browser,200,browser_headers
http://www.ostsee-zeitung.de/Nachrichten/Panorama/MeToo-laesst-Monica-Lewinsky-neu-ueber-ihre-Affaere-mit-Clinton-denken,,2018-02-28 20:30:00 UTC,ostsee-zeitung.de,False,#MeToo,#MeToo [Support],1,1,0,True,Support,News/Reporting,Germany,2018,FETCH_FAILED,0,DEAD_no_archive,403,
http://www.krdo.com/entertainment/woody-allen-i-should-be-the-poster-boy-for-the-metoo-movement/749340293,,2018-06-04 20:45:00 UTC,krdo.com,False,#MeToo,#MeToo [Support],1,1,0,True,Support,News/Reporting,United States,2018,FETCH_FAILED,0,DEAD_no_archive,404,
http://www.mdjonline.com/entertainment/japanese-actress-accuses-director-starts-metoo-group/article_343d7bcb-b802-5adc-86ea-5be4285070f2.html,,2018-04-27 12:00:00 UTC,mdjonline.com,False,#MeToo,#MeToo [Support],1,1,0,True,Support,News/Reporting,United States,2018,FETCH_FAILED,0,DEAD_no_archive,404,
http://www.elcorreodeburgos.com/noticias/burgos/burgos-registra-397-denuncias-violencia-genero-junio_203220.html,Burgos registra 397 denuncias por violencia de género hasta junio,2019-11-26 09:30:00 UTC,elcorreodeburgos.com,True,violencia de género,violencia de género [Support],1,1,0,False,Support,News/Reporting,Spain,2019,FETCH_FAILED,0,DEAD_no_archive,404,
http://www.milenio.com/policia/feminicidio-reforma_222-proceso-mujer-asesinato-cdmx_0_1152484992.html,,2018-04-06 23:00:00 UTC,milenio.com,False,feminicidio,feminicidio [Support],1,1,0,False,Support,News/Reporting,Mexico,2018,FETCH_FAILED,0,DEAD_no_archive,404,
https://weekend.levif.be/lifestyle/news/le-chanteur-drake-a-paye-350-000-dollars-pour-etouffer-une-plainte-pour-viol/article-news-1157145.html,,2019-06-21 09:30:00 UTC,weekend.levif.be,False,viol,viol [Support],1,1,0,False,Support,News/Reporting,Belgium,2019,FETCH_FAILED,0,DEAD_no_archive,405,
https://www.diariopanorama.com/noticia/333617/nuevo-femicidio-adolescente-fue-apunalada-novio-23-anos,Nuevo femicidio: una adolescente fue apuñalada por su novio de 23 años,2019-10-17 20:30:00 UTC,diariopanorama.com,True,femicidio,femicidio [Support],1,1,0,False,Support,News/Reporting,Argentina,2019,NO_TEXT,2830,RECOVERED_browser,200,browser_headers
https://1360kktx.iheart.com/featured/rush-limbaugh/content/2018-04-02-pbs-chuckles-over-your-hosts-hilarious-feminazi-humor/,,2018-04-02 20:15:00 UTC,iheart.com,False,feminazi,feminazi [Backlash],1,0,1,False,Backlash,News/Reporting,United States,2018,FETCH_FAILED,0,DEAD_no_archive,404,
http://www.supertalk1570.com/news/dem-congressman-told-by-accuser-a-year-ago-that-fairfax-had-metoo-allegation-sources-say/,,2019-02-07 15:30:00 UTC,supertalk1570.com,False,#MeToo,#MeToo [Support],1,1,0,True,Support,News/Reporting,UNKNOWN,2019,FETCH_FAILED,0,DEAD_no_archive,404,
http://www.actionnewsjax.com/news/national/metoo-movement-named-time-magazines-person-of-the-year/659460462,,2017-12-06 23:30:00 UTC,actionnewsjax.com,False,#MeToo,#MeToo [Support],1,1,0,True,Support,News/Reporting,United States,2017,FETCH_FAILED,0,DEAD_no_archive,404,
https://www.wacotrib.com/news/ap_nation/wave-of-metoo-complaints-strains-human-rights-agencies/article_8a5929a2-4c66-5677-9690-d60af83be30a.html,,2018-09-04 12:30:00 UTC,wacotrib.com,False,#MeToo,#MeToo [Support],1,1,0,True,Support,News/Reporting,United States,2018,FETCH_FAILED,0,DEAD_no_archive,404,
http://www.wiesbadener-tagblatt.de/vermischtes/vermischtes/metoo-debatte-spaltet-deutschland_18633008.htm,,2018-03-30 08:00:00 UTC,wiesbadener-tagblatt.de,False,#MeToo,#MeToo [Support],1,1,0,True,Support,News/Reporting,Germany,2018,FETCH_FAILED,0,DEAD_no_archive,404,
https://www.jutarnji.hr/life/moda-i-ljepota/ispovijest-manekenke-ma-kakav-metoo-ovo-je-veci-tabu-od-seksualnog-uznemiravanja-zbog-svega-sto-mi-se-dogada-odlucila-sam-postati-sponzorusa/7885140/,,2018-09-29 12:15:00 UTC,jutarnji.hr,False,#MeToo,#MeToo [Support],1,1,0,True,Support,News/Reporting,Croatia,2018,FETCH_FAILED,787,RECOVERED_browser,200,browser_headers
https://hr.blr.com/HR-news/Discrimination/Sexual-Harassment/Metoo-Movement-Hurt-Employers-Sexual-Harassment,,2018-09-21 14:30:00 UTC,blr.com,False,#MeToo,#MeToo [Support],1,1,0,True,Support,News/Reporting,United States,2018,TOO_SHORT,251,SHORT_browser,200,browser_headers
https://www.charismamag.com/life/women/38627-beth-moore-whyididntreport,,2018-09-26 12:45:00 UTC,charismamag.com,False,#WhyIDidntReport,#WhyIDidntReport [Support],1,1,0,True,Support,News/Reporting,UNKNOWN,2018,FETCH_FAILED,0,DEAD_no_archive,404,
http://www.kobfm.com/news/israeli-production-company-launches-undercover-reality-tv-show-for-the-metoo-era/,,2018-03-22 06:00:00 UTC,kobfm.com,False,#MeToo,#MeToo [Support],1,1,0,True,Support,News/Reporting,UNKNOWN,2018,FETCH_FAILED,0,DEAD_no_archive,404,
http://www.wbmq.net/news/trumps-metoo-swipe-updates-his-2016-playbook/,,2018-07-06 09:30:00 UTC,wbmq.net,False,#MeToo,#MeToo [Support],1,1,0,True,Support,News/Reporting,UNKNOWN,2018,FETCH_FAILED,0,DEAD_no_archive,403,
https://www.planet.fr/actualites-chris-brown-vise-par-une-plainte-pour-viol-le-parquet-de-paris-ouvre-une-enquete.1702884.764616.html,,2019-01-22 07:45:00 UTC,planet.fr,False,viol,viol [Support],1,1,0,False,Support,News/Reporting,France,2019,FETCH_FAILED,0,DEAD_no_archive,404,
https://aristeguinoticias.com/2403/lomasdestacado/metooescritoresmexicanos-metoocinemexicano-y-metooacademicos-campanas-para-denunciar-acoso/,,2019-03-24 17:30:00 UTC,aristeguinoticias.com,False,#MeTooCineMexicano | #MeTooEscritoresMexicanos,#MeTooCineMexicano [Support] | #MeTooEscritoresMexicanos [Support],2,2,0,True,Support,News/Reporting,Mexico,2019,TOO_SHORT,191,SHORT_browser,200,browser_headers
https://www.demorgen.be/binnenland/advocaat-joris-van-cauter-de-metoo-slinger-slaat-door-anonieme-beulen-zijn-aan-de-macht-be74c2ea/,,2017-11-10 10:15:00 UTC,demorgen.be,False,#MeToo,#MeToo [Support],1,1,0,True,Support,News/Reporting,Belgium,2017,NO_TEXT,0,DEAD_no_archive,403,
https://www.today.ng/news/nigeria/coza-pastor-returns-pulpit-amid-rape-case-240276,,2019-08-04 14:30:00 UTC,today.ng,False,COZA,COZA [Support],1,1,0,False,Support,News/Reporting,UNKNOWN,2019,FETCH_FAILED,0,DEAD_no_archive,DNS_OR_CONN,
https://www.northbaynipissing.com/news-story/8958980--metoo-encouraging-for-young-canadian-females/,,2018-10-11 12:15:00 UTC,northbaynipissing.com,False,#MeToo,#MeToo [Support],1,1,0,True,Support,News/Reporting,Canada,2018,FETCH_FAILED,3233,RECOVERED_browser,200,browser_headers
https://globegazette.com/entertainment/bill-cosby-s-appeal-to-review-handling-of-metoo-case/article_4cd55866-57d4-5885-8c15-e60cf11a57a8.html,,2019-08-12 07:00:00 UTC,globegazette.com,False,#MeToo,#MeToo [Support],1,1,0,True,Support,News/Reporting,United States,2019,FETCH_FAILED,0,DEAD_no_archive,404,
https://usa.debate.com.mx/policiaca/feminicidio-arrestan-exnovio-california-20181103-0007.html,,2018-11-04 19:15:00 UTC,debate.com.mx,False,feminicidio,feminicidio [Support],1,1,0,False,Support,News/Reporting,Mexico,2018,FETCH_FAILED,0,DEAD_no_archive,403,
http://abcnewsradioonline.com/politics-news/supreme-court-justice-ginsburg-shares-metoo-experience.html,,2018-01-22 15:00:00 UTC,abcnewsradioonline.com,False,#MeToo,#MeToo [Support],1,1,0,True,Support,News/Reporting,United States,2018,FETCH_FAILED,0,DEAD_no_archive,TIMEOUT,
http://www.kvor.com/news/gillettes-new-ad-isnt-about-shaving-its-about-men-in-the-age-of-metoo/,,2019-01-15 07:15:00 UTC,kvor.com,False,#MeToo,#MeToo [Support],1,1,0,True,Support,News/Reporting,United States,2019,FETCH_FAILED,0,DEAD_no_archive,404,
http://www.conchovalleyhomepage.com/news/national/womens-foundation-launches-fund-to-support-metoo-movement/1170433166,,2018-05-10 01:45:00 UTC,conchovalleyhomepage.com,False,#MeToo,#MeToo [Support],1,1,0,True,Support,News/Reporting,United States,2018,FETCH_FAILED,0,DEAD_no_archive,403,
https://www.noticiasnet.com.ar/nota/2019-7-5-11-7-0-confirman-perpetua-por-el-femicidio-de-leticia-gomez-en-roca,,2019-07-05 17:45:00 UTC,noticiasnet.com.ar,False,femicidio,femicidio [Support],1,1,0,False,Support,News/Reporting,Argentina,2019,NO_TEXT,1672,RECOVERED_browser,200,browser_headers
http://www.nuevodiarioweb.com.ar/noticias/2019/12/10/222255-investigan-a-un-oficial-de-policia-santiagueno-por-acoso-sexual,Investigan a un oficial de policía santiagueño por acoso sexual,2019-12-10 10:15:00 UTC,nuevodiarioweb.com.ar,True,acoso sexual,acoso sexual [Support],1,1,0,False,Support,News/Reporting,Argentina,2019,NO_TEXT,101,SHORT_browser,200,browser_headers
https://www.kainuunsanomat.fi/kainuun-sanomat/urheilu/ronaldoa-raiskauksesta-syyttava-nainen-kertoo-metoo-liikkeen-rohkaisseen-hanta-puhumaan/,,2018-10-04 04:45:00 UTC,kainuunsanomat.fi,False,#MeToo,#MeToo [Support],1,1,0,True,Support,News/Reporting,Finland,2018,FETCH_FAILED,0,DEAD_no_archive,404,
http://www.laprensa.com.bo/nacional/20171106/encuentran-mujer-muerta-santa-cruz-presumen-feminicidio,,2017-11-06 14:30:00 UTC,laprensa.com.bo,False,feminicidio,feminicidio [Support],1,1,0,False,Support,News/Reporting,Bolivia,2017,TOO_SHORT,19,SHORT_browser,200,browser_headers
http://www.extra.ec/actualidad/ecuador-daule-marcha-femicidio-amadaruiz-jaimequintero-vanessabarzola-AA2288013,,2018-07-20 21:30:00 UTC,extra.ec,False,femicidio,femicidio [Support],1,1,0,False,Support,News/Reporting,Ecuador,2018,FETCH_FAILED,0,DEAD_no_archive,404,
https://www.lematin.ch/monde/Barbie-part-en-guerre-contre-le-sexisme/story/31292389,,2018-10-10 00:15:00 UTC,lematin.ch,False,sexisme,sexisme [Support],1,1,0,False,Support,News/Reporting,Switzerland,2018,FETCH_FAILED,0,DEAD_no_archive,410,
http://www.ln-online.de/Lokales/Ostholstein/MeToo-Kampagne-bewegt-Ostholstein,,2017-11-20 22:45:00 UTC,ln-online.de,False,#MeToo,#MeToo [Support],1,1,0,True,Support,News/Reporting,Germany,2017,FETCH_FAILED,0,DEAD_no_archive,403,
http://www.cronicaviva.com.pe/defensor-del-pueblo-tentativa-de-feminicidio-es-tan-grave-como-feminicidio/,,2018-12-04 05:30:00 UTC,cronicaviva.com.pe,False,feminicidio,feminicidio [Support],1,1,0,False,Support,News/Reporting,Peru,2018,TOO_SHORT,438,RECOVERED_browser,200,browser_headers
https://www.business-standard.com/article/pti-stories/metoo-3-000-gurgaon-firm-to-come-under-administrative-scanner-118110101663_1.html,,2018-11-01 18:30:00 UTC,business-standard.com,False,#MeToo,#MeToo [Support],1,1,0,True,Support,News/Reporting,India,2018,FETCH_FAILED,0,DEAD_no_archive,403,
https://adevarul.ro/locale/vaslui/decizia-uluitoare-judecatorilor-cazul-interlopului-vaslui-acuzat-rapit-eleva-siluit-o-scara-unui-bloc-fapta-odioasa-transformata-tentativa-viol-1_5d949ede892c0bb0c62f8c57/,Decizia uluitoare a judecătorilor în cazul interlopului din Vaslui acuzat că a luat cu forţa o elevă şi a siluit-o în scara unui bloc,2019-10-02 14:30:00 UTC,adevarul.ro,True,viol,viol [Support],1,1,0,False,Support,News/Reporting,Romania,2019,FETCH_FAILED,0,DEAD_no_archive,404,
http://entertainment.inquirer.net/270069/metoo-founder-tarana-burke-focus-survivors-not-blaming,,2018-04-15 12:45:00 UTC,inquirer.net,False,#MeToo,#MeToo [Support],1,1,0,True,Support,News/Reporting,Philippines,2018,FETCH_FAILED,0,DEAD_no_archive,403,
http://www.wvnn.com/news/aziz-ansari-making-comedy-comeback-after-metoo-accusation/,,2018-09-13 21:15:00 UTC,wvnn.com,False,#MeToo,#MeToo [Support],1,1,0,True,Support,News/Reporting,UNKNOWN,2018,FETCH_FAILED,0,DEAD_no_archive,404,
https://www.931wnox.com/news/national/metoo-congress-has-yet-to-pass-bill-that-protects-workers-on-the-hill-against-sexual-harassment,,2018-09-26 05:15:00 UTC,931wnox.com,False,#MeToo,#MeToo [Support],1,1,0,True,Support,News/Reporting,UNKNOWN,2018,FETCH_FAILED,0,DEAD_no_archive,404,
https://laopinion.com/2019/12/17/ceo-de-badabun-da-la-cara-y-tilda-de-mentirosos-a-youtubers-mexicanos-que-lo-denuncian-por-abuso-laboral-y-acoso-sexual/,CEO de Badabun da la cara y tilda de mentirosos a youtubers mexicanos que lo denuncian por abuso laboral y acoso sexual,2019-12-17 18:45:00 UTC,laopinion.com,False,acoso sexual,acoso sexual [Support],1,1,0,False,Support,News/Reporting,United States,2019,FETCH_FAILED,0,DEAD_no_archive,404,
https://www.theroot.com/unhinged-trump-holds-rally-in-montana-attacks-metoo-m-1827391834,,2018-07-06 16:15:00 UTC,theroot.com,False,#MeToo,#MeToo [Support],1,1,0,True,Support,News/Reporting,United States,2018,FETCH_FAILED,4633,RECOVERED_browser,200,browser_headers
https://www.huffingtonpost.ca/2018/09/10/trudeau-metoo-sexual-harassment-women-in-the-world_a_23522968/,,2018-09-11 01:00:00 UTC,huffingtonpost.ca,False,#MeToo,#MeToo [Support],1,1,0,True,Support,News/Reporting,Canada,2018,FETCH_FAILED,0,DEAD_no_archive,406,
https://fr.metrotime.be/2017/11/22/actualite/media/nick-carter-star-backstreet-boys-accuse-de-viol/,,2017-11-22 18:15:00 UTC,fr.metrotime.be,False,viol,viol [Support],1,1,0,False,Support,News/Reporting,Belgium,2017,FETCH_FAILED,0,DEAD_no_archive,403,
http://www.aradon.ro/tentativa-de-viol-in-plina-strada-la-timisoara-oprita-de-cativa-tineri-curajosi/2171880,,2018-12-30 13:30:00 UTC,aradon.ro,False,viol,viol [Support],1,1,0,False,Support,News/Reporting,Romania,2018,FETCH_FAILED,0,DEAD_no_archive,404,
https://www.criteriohidalgo.com/noticias/plantean-endurecer-penas-por-feminicidio-en-hidalgo,,2018-11-28 16:00:00 UTC,criteriohidalgo.com,False,feminicidio,feminicidio [Support],1,1,0,False,Support,News/Reporting,Mexico,2018,FETCH_FAILED,0,DEAD_no_archive,404,
https://www.dailydot.com/irl/sex-industry-metoo/,,2018-04-09 10:30:00 UTC,dailydot.com,False,#MeToo,#MeToo [Support],1,1,0,True,Support,News/Reporting,United States,2018,FETCH_FAILED,0,DEAD_no_archive,404,
https://www.nytimes.com/2017/12/14/nyregion/kirsten-gillibrand-and-the-whiplash-of-metoo.html,,2017-12-14 23:45:00 UTC,nytimes.com,False,#MeToo,#MeToo [Support],1,1,0,True,Support,News/Reporting,United States,2017,FETCH_FAILED,0,DEAD_no_archive,403,
https://www.milforddailynews.com/zz/news/20191220/deaths-in-custody-sexual-violence-hunger-strikes-what-we-uncovered-inside-ice-facilities-across-us,Deaths in custody. Sexual violence. Hunger strikes. What we uncovered inside ICE facilities across the US - News - Milford Daily News,2019-12-20 17:45:00 UTC,milforddailynews.com,False,sexual violence,sexual violence [Support],1,1,0,False,Support,News/Reporting,United States,2019,FETCH_FAILED,0,DEAD_no_archive,404,
http://tucson.com/news/national/no-tampons-in-prison-metoo-helps-shine-light-on-issue/article_55f1a702-fa69-52fb-9eb0-26b09a6b842c.html,,2018-03-27 05:45:00 UTC,tucson.com,False,#MeToo,#MeToo [Support],1,1,0,True,Support,News/Reporting,United States,2018,FETCH_FAILED,0,DEAD_no_archive,404,
http://www.sify.com/movies/kangana-hits-back-at-sonam-for-judging-her-metoo-story-news-bollywood-skinqMbdfcbig.html,,2018-10-09 08:30:00 UTC,sify.com,False,#MeToo,#MeToo [Support],1,1,0,True,Support,News/Reporting,India,2018,FETCH_FAILED,0,DEAD_no_archive,DNS_OR_CONN,
https://www.business-standard.com/article/news-ani/metoo-molestation-complaint-filed-against-subhash-ghai-118101400038_1.html,,2018-10-14 04:30:00 UTC,business-standard.com,False,#MeToo,#MeToo [Support],1,1,0,True,Support,News/Reporting,India,2018,FETCH_FAILED,0,DEAD_no_archive,403,
https://elaragueno.com.ve/manifestacion-en-francia-contra-la-violencia-de-genero-y-los-feminicidios/,Manifestación en Francia contra la violencia de género y los feminicidios – El Aragueño,2019-11-24 10:15:00 UTC,elaragueno.com.ve,True,violencia de género,violencia de género [Support],1,1,0,False,Support,News/Reporting,Venezuela,2019,FETCH_FAILED,0,DEAD_no_archive,403,
https://www.laestrella.com.pa/internacional/america/191125/cepal-3-529-mujeres-victimas-feminicidio-america-latina-2018,Cepal: 3.529 mujeres fueron víctimas de feminicidio en América Latina en 2018,2019-11-25 17:30:00 UTC,laestrella.com.pa,True,feminicidio,feminicidio [Support],1,1,0,False,Support,News/Reporting,Panama,2019,FETCH_FAILED,2030,RECOVERED_browser,200,browser_headers
https://www.romandie.com/news/ZOOM-Pakistan-10-hommes-arretes-pour-avoir-ordonne-un-viol-de-represailles/903177.rom,,2018-03-27 14:45:00 UTC,romandie.com,False,viol,viol [Support],1,1,0,False,Support,News/Reporting,United States,2018,FETCH_FAILED,0,DEAD_no_archive,DNS_OR_CONN,
https://www.elpais.com.uy/mundo/triple-femicidio-conmociona-espana-asesino-ex-mujer-ex-cunada-ex-suegra.html,,2019-09-17 01:00:00 UTC,elpais.com.uy,False,femicidio,femicidio [Support],1,1,0,False,Support,News/Reporting,Uruguay,2019,FETCH_FAILED,0,DEAD_no_archive,403,
http://www.arbetarbladet.se/noje/teaterarbetare-metoo-storre-an-enskilda-fall,,2017-11-20 14:45:00 UTC,arbetarbladet.se,False,#MeToo,#MeToo [Support],1,1,0,True,Support,News/Reporting,Sweden,2017,FETCH_FAILED,0,DEAD_no_archive,404,
https://www.channel24.co.za/Gossip/News/paris-hilton-talks-metoo-marriage-and-becoming-a-mom-20180424,,2018-04-25 01:00:00 UTC,channel24.co.za,False,#MeToo,#MeToo [Support],1,1,0,True,Support,News/Reporting,South Africa,2018,NO_TEXT,345,SHORT_browser,200,browser_headers
https://www.granadadigital.es/el-ayuntamiento-de-granada-amplia-el-numero-de-agentes-dedicados-a-victimas-de-violencia-de-genero/,El Ayuntamiento de Granada amplía el número de agentes dedicados a víctimas de violencia de género,2019-10-02 19:30:00 UTC,granadadigital.es,True,violencia de género,violencia de género [Support],1,1,0,False,Support,News/Reporting,Spain,2019,FETCH_FAILED,0,DEAD_no_archive,403,
http://www.nt.se/kultur-noje/kulturprofilen-atalas-for-valdtakt-om5331646.aspx,,2018-06-12 09:45:00 UTC,nt.se,False,Kulturprofilen,Kulturprofilen [Support],1,1,0,False,Support,News/Reporting,Sweden,2018,FETCH_FAILED,0,DEAD_no_archive,404,
https://abpnews.abplive.in/bollywood/metoo-effect-will-munnabhai-3-be-put-on-hold-till-rajkumar-hirani-1049757,,2019-01-14 15:30:00 UTC,abpnews.abplive.in,False,#MeToo,#MeToo [Support],1,1,0,True,Support,News/Reporting,India,2019,FETCH_FAILED,0,DEAD_no_archive,503,
https://m105.ca/actualite/moiaussi-hausse-des-denonciations-dagressions-sexuelles-chez-les-enfants/,,2018-04-15 13:15:00 UTC,m105.ca,False,#MoiAussi,#MoiAussi [Support],1,1,0,True,Support,News/Reporting,UNKNOWN,2018,FETCH_FAILED,0,DEAD_no_archive,404,
http://www.zazoom.it/2018-02-10/anche-le-donne-arabe-dicono-metoo-contro-le-molestie/3881116/,,2018-02-10 16:30:00 UTC,zazoom.it,False,#MeToo,#MeToo [Support],1,1,0,True,Support,News/Reporting,Italy,2018,FETCH_FAILED,0,DEAD_no_archive,410,
http://fall-river.wickedlocal.com/zz/news/20180118/has-metoo-gone-too-far-ansari-story-sparks-debate,,2018-01-19 01:45:00 UTC,wickedlocal.com,False,#MeToo,#MeToo [Support],1,1,0,True,Support,News/Reporting,United States,2018,FETCH_FAILED,0,DEAD_no_archive,404,
http://www.huffingtonpost.kr/entry/metoo-minbyeongdoo_kr_5aa48a82e4b07047bec7265f,,2018-03-11 03:30:00 UTC,huffingtonpost.kr,False,#MeToo,#MeToo [Support],1,1,0,True,Support,News/Reporting,South Korea,2018,FETCH_FAILED,0,DEAD_no_archive,404,
https://au.news.yahoo.com/world/a/38637754/brigitte-bardot-slams-metoo-publicity-seeking-actresses/,,2018-01-17 22:15:00 UTC,yahoo.com,False,#MeToo,#MeToo [Support],1,1,0,True,Support,News/Reporting,United States,2018,FETCH_FAILED,0,DEAD_no_archive,404,
http://norran.se/noje-kultur/metoo-aktion-kritiseras-980678,,2018-02-17 12:45:00 UTC,norran.se,False,#MeToo,#MeToo [Support],1,1,0,True,Support,News/Reporting,Sweden,2018,FETCH_FAILED,1384,RECOVERED_browser,200,browser_headers
https://www.mediaite.com/election-2020/klobuchar-defends-metoo-movement-questioning-of-kavanaugh-at-fox-news-town-hall/,,2019-05-09 01:15:00 UTC,mediaite.com,False,#MeToo,#MeToo [Support],1,1,0,True,Support,News/Reporting,United States,2019,FETCH_FAILED,0,DEAD_no_archive,403,
https://www.koimoi.com/outside-bollywood/hollywood/margot-robbie-sexual-harassment-is-something-we-all-have-to-solve-together-not-just-women/,"Margot Robbie: ""Sexual Harassment Is Something We All Have To Solve Together, Not Just Women""",2019-12-22 11:30:00 UTC,koimoi.com,False,sexual harassment,sexual harassment [Support],1,1,0,False,Support,News/Reporting,India,2019,FETCH_FAILED,0,DEAD_no_archive,404,
https://www.nytimes.com/2019/09/06/nyregion/sexual-harassment-metoo-lawsuit.html,,2019-09-06 08:00:00 UTC,nytimes.com,False,#MeToo,#MeToo [Support],1,1,0,True,Support,News/Reporting,United States,2019,FETCH_FAILED,0,DEAD_no_archive,403,
https://www.newsx.com/national/school-teacher-makes-cringeworthy-comments-against-nirbhaya-says-she-could-saved-herself-by-not-venturing-out-late-at-night,,2018-01-30 12:45:00 UTC,newsx.com,False,Nirbhaya,Nirbhaya [Support],1,1,0,False,Support,News/Reporting,India,2018,FETCH_FAILED,0,DEAD_no_archive,410,
http://www.radiohrn.hn/l/noticias/condenan-20-%C3%B1os-de-prisi%C3%B3n-por-tentativa-de-femicidio-un-ciudadano,,2018-02-14 18:45:00 UTC,radiohrn.hn,False,femicidio,femicidio [Support],1,1,0,False,Support,News/Reporting,Honduras,2018,FETCH_FAILED,0,DEAD_no_archive,404,
https://www.idahopress.com/news/world/cuban-singer-becomes-pioneer-of-metoo-movement-on-island/article_74ac5349-14e2-5221-9629-fb657a9ae7c6.html,,2019-07-15 14:15:00 UTC,idahopress.com,False,#MeToo,#MeToo [Support],1,1,0,True,Support,News/Reporting,United States,2019,FETCH_FAILED,0,DEAD_no_archive,404,
http://arede.info/ponta-grossa/252369/suspeito-de-feminicidio-em-pg-foi-preso-nesta-manha,,2019-03-14 16:45:00 UTC,arede.info,False,feminicidio,feminicidio [Support],1,1,0,False,Support,News/Reporting,Brazil,2019,NO_TEXT,1317,RECOVERED_browser,200,browser_headers
https://news.sky.com/story/metoo-objectified-goldie-hawn-adores-men-but-has-no-compassion-for-abusers-11395721,,2018-06-05 16:30:00 UTC,sky.com,False,#MeToo,#MeToo [Support],1,1,0,True,Support,News/Reporting,United Kingdom,2018,FETCH_FAILED,0,DEAD_no_archive,403,
http://www.cbc.ca/radio/q/blog/catherine-deneuve-says-the-metoo-movement-has-turned-into-a-witch-hunt-1.4479273,,2018-01-09 21:30:00 UTC,cbc.ca,False,#MeToo,#MeToo [Support],1,1,0,True,Support,Opinion/Editorial,Canada,2018,FETCH_FAILED,2990,RECOVERED_browser,200,browser_headers
https://k99fm.iheart.com/featured/johnna/content/2018-01-09-timesup-i-want-your-input/,,2018-01-10 21:15:00 UTC,iheart.com,False,#TimesUp,#TimesUp [Support],1,1,0,True,Support,News/Reporting,United States,2018,FETCH_FAILED,0,DEAD_no_archive,404,
https://mediahub.cz/media/1741209-znasilneni-jako-nevhodne-chovani-v-cine-jsou-zatim-odhaleni-z-kampane-metoo-cenzurovana,,2018-05-08 11:00:00 UTC,mediahub.cz,False,#MeToo,#MeToo [Support],1,1,0,True,Support,News/Reporting,Czech Republic,2018,FETCH_FAILED,2952,RECOVERED_browser,200,browser_headers
https://www.worldjournal.com/5543579/article-just-do-it-%E6%85%98%E8%AE%8A-metoo-%E8%80%90%E5%90%89%E5%8F%97%E9%A8%B7%E6%93%BE%E5%A5%B3%E5%93%A1%E5%B7%A5%E8%B6%95%E8%B5%B0%E7%94%B7%E9%AB%98%E5%B1%A4/,,2018-04-30 03:00:00 UTC,worldjournal.com,False,#MeToo,#MeToo [Support],1,1,0,True,Support,News/Reporting,China,2018,FETCH_FAILED,0,DEAD_no_archive,404,
https://www.elcomercio.com/tendencias/kutoo-japonesas-colectivo-contras-tacones.html,,2019-06-03 17:15:00 UTC,elcomercio.com,False,#KuToo,#KuToo [Support],1,1,0,True,Support,News/Reporting,Ecuador,2019,NO_TEXT,1571,RECOVERED_browser,200,browser_headers
http://www.laarena.com.ar/la_pampa-intento-de-femicidio-triplemente-agravado-2089726-163.html,Intento de femicidio triplemente agravado,2019-12-19 07:45:00 UTC,laarena.com.ar,False,femicidio,femicidio [Support],1,1,0,False,Support,News/Reporting,Argentina,2019,NO_TEXT,7332,RECOVERED_browser,200,browser_headers
http://www.ziarelive.ro/stiri/alerta-in-hunedoara-un-barbat-inarmat-acuzat-de-viol-este-cautat-de-politisti.html,,2018-01-31 16:00:00 UTC,ziarelive.ro,False,viol,viol [Support],1,1,0,False,Support,News/Reporting,UNKNOWN,2018,FETCH_FAILED,0,DEAD_no_archive,403,
https://www.wwlp.com/world/radio-station-stops-playing-baby-it-s-cold-outside-because-of-metoo-movement/1633116409,,2018-12-02 01:45:00 UTC,wwlp.com,False,#MeToo,#MeToo [Support],1,1,0,True,Support,News/Reporting,United States,2018,FETCH_FAILED,0,DEAD_no_archive,403,
https://www.nairaland.com/5280254/rape-allegations-disowns-coza-church,,2019-07-03 18:45:00 UTC,nairaland.com,False,COZA,COZA [Support],1,1,0,False,Support,News/Reporting,Nigeria,2019,FETCH_FAILED,0,DEAD_no_archive,403,
http://www.wynn1063.com/news/ann-curry-says-metoo-movement-is-overdue-isnt-surprised-by-matt-lauer-allegations/,,2018-01-18 01:15:00 UTC,wynn1063.com,False,#MeToo,#MeToo [Support],1,1,0,True,Support,News/Reporting,UNKNOWN,2018,FETCH_FAILED,0,DEAD_no_archive,404,
https://www.brasil247.com/pt/247/mundo/337971/Viol%C3%AAncia-contra-a-mulher-%C3%A9-praga-que-precisa-ser-combatida-diz-Papa-Francisco.htm,,2018-01-21 12:00:00 UTC,brasil247.com,False,viol,viol [Support],1,1,0,False,Support,News/Reporting,Brazil,2018,FETCH_FAILED,0,DEAD_no_archive,404,
https://www.mypanhandle.com/news/national/anita-hill-kavanaugh-hearing-isnt-a-referendum-on-metoo/1476314236,,2018-09-26 10:30:00 UTC,mypanhandle.com,False,#MeToo,#MeToo [Support],1,1,0,True,Support,News/Reporting,United States,2018,FETCH_FAILED,0,DEAD_no_archive,403,
https://www.ghanaweb.com/GhanaHomePage/NewsArchive/Government-followed-due-process-in-addressing-PDS-debacle-Energy-Ministry-791856,Government followed due process in addressing PDS debacle – Energy Ministry,2019-10-22 08:30:00 UTC,ghanaweb.com,True,due process,due process [Backlash],1,0,1,False,Backlash,News/Reporting,Ghana,2019,FETCH_FAILED,0,NO_TEXT_browser,200,
https://www.rionegro.com.ar/region/enjuiciaran-en-breve-a-un-juez-y-el-fiscal-por-el-femicidio-de-las-ovejas-AX5635561,,2018-08-31 03:45:00 UTC,rionegro.com.ar,False,femicidio,femicidio [Support],1,1,0,False,Support,News/Reporting,Argentina,2018,FETCH_FAILED,0,DEAD_no_archive,404,
http://www.11alive.com/article/news/nation-now/not-one-male-golden-globes-winner-mentioned-metoo-or-times-up-in-their-speeches/465-67073882-495e-4127-b62f-6c269ee93d02,,2018-01-08 07:30:00 UTC,11alive.com,False,#MeToo,#MeToo [Support],1,1,0,True,Support,News/Reporting,United States,2018,FETCH_FAILED,0,DEAD_no_archive,403,
https://www.pennlive.com/life/2019/04/metoo-movement-inspires-a-new-play-by-former-weinstein-employee.html,,2019-04-30 12:45:00 UTC,pennlive.com,False,#MeToo,#MeToo [Support],1,1,0,True,Support,News/Reporting,United States,2019,FETCH_FAILED,3108,RECOVERED_browser,200,browser_headers
https://www.enewspf.com/latest-news/latest-local-news/park-forest-women-say-metoo-we-believe-dr-christine-blasey-ford/,,2018-09-28 06:30:00 UTC,enewspf.com,False,#MeToo,#MeToo [Support],1,1,0,True,Support,News/Reporting,United States,2018,NO_TEXT,315,SHORT_browser,200,browser_headers
https://www.stamfordadvocate.com/news/crime/article/In-age-of-MeToo-can-there-be-forgiveness-12835897.php,,2018-04-15 19:15:00 UTC,stamfordadvocate.com,False,#MeToo,#MeToo [Support],1,1,0,True,Support,News/Reporting,United States,2018,FETCH_FAILED,0,DEAD_no_archive,404,
https://www.mittelbayerische.de/region/schwandorf-nachrichten/aus-rufmord-wurde-eine-hexenjagd-21416-art1826999.html,,2019-09-16 08:45:00 UTC,mittelbayerische.de,False,Hexenjagd,Hexenjagd [Backlash],1,0,1,False,Backlash,News/Reporting,Germany,2019,FETCH_FAILED,0,DEAD_no_archive,404,
https://www.westmanjournal.com/q-a-casey-affleck-on-new-film-his-oscars-absence-and-metoo-1.23395005,,2018-08-09 17:45:00 UTC,westmanjournal.com,False,#MeToo,#MeToo [Support],1,1,0,True,Support,News/Reporting,United States,2018,FETCH_FAILED,0,DEAD_no_archive,DNS_OR_CONN,
https://lasentinel.net/metoo-founder-tarana-burke-leads-survivors-march-and-rally-in-hollywood.html,,2017-11-16 09:00:00 UTC,lasentinel.net,False,#MeToo,#MeToo [Support],1,1,0,True,Support,News/Reporting,United States,2017,FETCH_FAILED,0,DEAD_no_archive,403,
https://deadline.com/2018/12/surviving-r-kelly-metoo-lifetime-premiere-tarana-burke-1202514184/,,2018-12-05 03:15:00 UTC,deadline.com,False,#MeToo,#MeToo [Support],1,1,0,True,Support,News/Reporting,United States,2018,FETCH_FAILED,1956,RECOVERED_browser,200,browser_headers
https://www.lanacion.com.ar/2155118-investigan-la-muerte-de-un-padre-y-su-hijo-como-una-venganza-de-presos-por-femicidio,,2018-07-21 07:30:00 UTC,lanacion.com.ar,False,femicidio,femicidio [Support],1,1,0,False,Support,News/Reporting,Argentina,2018,FETCH_FAILED,0,DEAD_no_archive,404,
https://www.mimorelia.com/dan-a-ex-periodista-de-coahuila-30-anos-de-carcel-por-feminicidio-de-satya/,,2018-07-14 05:00:00 UTC,mimorelia.com,False,feminicidio,feminicidio [Support],1,1,0,False,Support,News/Reporting,Mexico,2018,FETCH_FAILED,0,DEAD_no_archive,404,
http://www.eldeber.com.bo/santacruz/Mujer-asesinada-a-golpes-otro-feminicidio-en-Tarija-20190930-9544.html,"Mujer asesinada a golpes, otro feminicidio en Tarija",2019-10-01 14:00:00 UTC,eldeber.com.bo,False,feminicidio,feminicidio [Support],1,1,0,False,Support,News/Reporting,Bolivia,2019,FETCH_FAILED,0,DEAD_no_archive,410,
http://www.canindia.com/kwan-founder-attempts-suicide-after-metoo-allegations/,,2018-10-19 13:45:00 UTC,canindia.com,False,#MeToo,#MeToo [Support],1,1,0,True,Support,News/Reporting,India,2018,FETCH_FAILED,0,DEAD_no_archive,DNS_OR_CONN,
http://www.4-traders.com/QUDIAN-INC-ADR-38166104/news/Levi-Korsinsky-LLP-Reminds-Investors-of-an-Investigation-Involving-Possible-Securities-Fraud-Viol-25662748/,,2017-12-13 18:00:00 UTC,4-traders.com,False,viol,viol [Support],1,1,0,False,Support,News/Reporting,United States,2017,FETCH_FAILED,0,DEAD_no_archive,SSL,
https://www.idahostatejournal.com/news/national/metoo-inspires-wave-of-old-misconduct-reports-to-colleges/article_744795a3-30af-5f05-b895-e015c6e64552.html,,2018-10-13 18:45:00 UTC,idahostatejournal.com,False,#MeToo,#MeToo [Support],1,1,0,True,Support,News/Reporting,United States,2018,FETCH_FAILED,0,DEAD_no_archive,404,
https://www.volksstimme.de/schlaglichter/nach-metoo-vorwuerfen-domingo-verlaesst-new-yorker-met-oper/1569364982000,Nach MeToo-Vorwürfen: Domingo verlässt New Yorker Met-Oper,2019-09-24 23:45:00 UTC,volksstimme.de,True,#MeToo,#MeToo [Support],1,1,0,True,Support,News/Reporting,Germany,2019,NO_TEXT,631,RECOVERED_browser,200,browser_headers
http://www.bcdemocrat.com/2018/03/21/as-skorea-metoo-revolution/,,2018-03-22 08:15:00 UTC,bcdemocrat.com,False,#MeToo,#MeToo [Support],1,1,0,True,Support,News/Reporting,United States,2018,FETCH_FAILED,0,DEAD_no_archive,404,
https://www.diariolaprovinciasj.com/policiales/2019/2/11/comienza-el-juicio-por-el-femicidio-de-talia-recabarren-104744.html,,2019-02-12 00:15:00 UTC,diariolaprovinciasj.com,False,femicidio,femicidio [Support],1,1,0,False,Support,News/Reporting,Argentina,2019,NO_TEXT,633,RECOVERED_browser,200,browser_headers
http://am1380theanswer.com/news/world/as-metoo-unnerves-china-a-student-fights-to-tell-her-story,,2018-09-03 05:15:00 UTC,am1380theanswer.com,False,#MeToo,#MeToo [Support],1,1,0,True,Support,News/Reporting,UNKNOWN,2018,FETCH_FAILED,0,DEAD_no_archive,404,
http://fremonttribune.com/news/national/barbra-streisand-says-no-metoo-moment-marred-her-life/article_853355de-1283-5278-873a-4107b3704968.html,,2018-03-18 18:00:00 UTC,fremonttribune.com,False,#MeToo,#MeToo [Support],1,1,0,True,Support,News/Reporting,United States,2018,FETCH_FAILED,0,DEAD_no_archive,404,
http://adage.com/article/advertising/11-ad-leaders-metoo-making-real-change/312417/,,2018-02-20 08:15:00 UTC,adage.com,False,#MeToo,#MeToo [Support],1,1,0,True,Support,News/Reporting,United States,2018,FETCH_FAILED,0,DEAD_no_archive,404,
http://www.knek.com/news/roseanne-barr-goes-after-metoo/,,2019-03-04 21:15:00 UTC,knek.com,False,#MeToo,#MeToo [Support],1,1,0,True,Support,News/Reporting,UNKNOWN,2019,FETCH_FAILED,0,DEAD_no_archive,404,
https://www.nu.nl/metoo/5940801/advocaat-harvey-weinstein-vraagt-rechtbank-hem-van-zaak-af-te-halen.html,,2019-06-18 06:30:00 UTC,nu.nl,False,#MeToo,#MeToo [Support],1,1,0,True,Support,News/Reporting,Netherlands,2019,NO_TEXT,0,DEAD_no_archive,403,
https://www.wsj.com/articles/from-gillettes-metoo-ad-to-starbuckss-game-of-thrones-moment-cmo-todays-most-read-stories-of-2019-11577822004,"From Gillette's #MeToo Ad to Starbucks's 'Game of Thrones' Moment, CMO Today's Most-Read Stories of 2019",2019-12-31 20:15:00 UTC,wsj.com,False,#MeToo,#MeToo [Support],1,1,0,True,Support,News/Reporting,United States,2019,FETCH_FAILED,0,DEAD_no_archive,401,
https://www.thechronicle.com.au/news/entourage-star-metoo-ruined-my-career/3770843/,,2019-07-04 00:45:00 UTC,thechronicle.com.au,False,#MeToo,#MeToo [Support],1,1,0,True,Support,News/Reporting,Australia,2019,FETCH_FAILED,0,DEAD_no_archive,403,
https://www.romandie.com/news/Un-an-du-MeToo-un-tsunami-americain-de-plus-en-plus-polarisant/959196.rom,,2018-10-04 08:30:00 UTC,romandie.com,False,#MeToo,#MeToo [Support],1,1,0,True,Support,News/Reporting,United States,2018,FETCH_FAILED,0,DEAD_no_archive,403,
https://www.nu.nl/metoo/5461187/makers-house-of-cards-zagen-beschuldigingen-kevin-spacey-niet-aankomen.html,,2018-09-13 16:15:00 UTC,nu.nl,False,#MeToo,#MeToo [Support],1,1,0,True,Support,News/Reporting,Netherlands,2018,NO_TEXT,0,DEAD_no_archive,403,
http://www.lepoint.fr/culture/ppda-sur-scene-pour-faire-aimer-la-musique-classique-au-plus-grand-nombre-27-02-2018-2198123_3.php,,2018-02-27 10:00:00 UTC,lepoint.fr,False,PPDA,PPDA [Support],1,1,0,False,Support,News/Reporting,France,2018,FETCH_FAILED,0,DEAD_no_archive,403,
http://www.ziarelive.ro/stiri/cu-sprijinul-lui-vis-cainele-de-interventie-un-urmarit-pentru-viol-a-fost-depistat-in-baia-mare.html,,2018-10-19 10:00:00 UTC,ziarelive.ro,False,viol,viol [Support],1,1,0,False,Support,News/Reporting,UNKNOWN,2018,FETCH_FAILED,0,DEAD_no_archive,403,
https://www.finanzen.net/nachricht/aktien/russland-microsofts-hacker-vorwuerfe-sind-teil-von-hexenjagd-6521581,,2018-08-22 06:00:00 UTC,finanzen.net,False,Hexenjagd,Hexenjagd [Backlash],1,0,1,False,Backlash,News/Reporting,Germany,2018,FETCH_FAILED,0,DEAD_no_archive,403,
https://www.thehansindia.com/posts/index/National/2018-12-14/BJP-to-hold-rally-on-horrors-of-Nirbhaya-incident-/458409,,2018-12-14 02:15:00 UTC,thehansindia.com,False,Nirbhaya,Nirbhaya [Support],1,1,0,False,Support,News/Reporting,India,2018,FETCH_FAILED,1465,RECOVERED_browser,200,browser_headers
https://www.tdg.ch/geneve/actu-genevoise/esclandre-sexisme-ordinaire-municipal/story/26612756,,2019-06-06 08:30:00 UTC,tdg.ch,False,sexisme,sexisme [Support],1,1,0,False,Support,News/Reporting,Switzerland,2019,FETCH_FAILED,828,RECOVERED_browser,200,browser_headers
http://www.kmjnow.com/news/workplace-sexual-harassment-claims-have-spiked-in-the-metoo-era/,,2018-10-04 22:45:00 UTC,kmjnow.com,False,#MeToo,#MeToo [Support],1,1,0,True,Support,News/Reporting,UNKNOWN,2018,FETCH_FAILED,0,DEAD_no_archive,404,
http://www.ziarelive.ro/stiri/prezenta-la-series-mania-festival-uma-thurman-vorbeste-despre-cariera-sa-si-miscarea-metoo.html,,2019-03-27 15:15:00 UTC,ziarelive.ro,False,#MeToo,#MeToo [Support],1,1,0,True,Support,News/Reporting,UNKNOWN,2019,FETCH_FAILED,0,DEAD_no_archive,403,
https://www.onlinenigeria.com/site/stories/447032-metoo-movement-long-overdue-says-chimamanda-adichie.html,,2018-01-27 02:00:00 UTC,onlinenigeria.com,False,#MeToo,#MeToo [Support],1,1,0,True,Support,News/Reporting,Nigeria,2018,FETCH_FAILED,0,DEAD_no_archive,TIMEOUT,
http://wypr.org/post/instead-metoo-french-women-say-out-your-pig,,2017-11-03 19:15:00 UTC,wypr.org,False,#MeToo,#MeToo [Support],1,1,0,True,Support,News/Reporting,United States,2017,NO_TEXT,5031,RECOVERED_browser,200,browser_headers
http://www.ziarelive.ro/stiri/sotul-fostei-politiste-din-olt-melania-renghea-care-si-a-injunghiat-seful-dupa-ce-l-a-acuzat-de-viol-s-a-spanzurat.html,,2017-11-09 19:15:00 UTC,ziarelive.ro,False,viol,viol [Support],1,1,0,False,Support,News/Reporting,UNKNOWN,2017,FETCH_FAILED,0,DEAD_no_archive,403,
http://mammi.blogautore.espresso.repubblica.it/2019/01/02/ovidio-ai-tempi-del-metoo/,,2019-01-02 16:45:00 UTC,espresso.repubblica.it,False,#MeToo,#MeToo [Support],1,1,0,True,Support,News/Reporting,Italy,2019,FETCH_FAILED,0,DEAD_no_archive,404,
https://www.newstimes.com/technology/businessinsider/article/China-s-MeToo-movement-changes-its-slogan-to-12560887.php,,2018-02-08 10:00:00 UTC,newstimes.com,False,#MeToo,#MeToo [Support],1,1,0,True,Support,News/Reporting,United States,2018,FETCH_FAILED,0,DEAD_no_archive,404,
https://www.eldiario.com.ar/57226-brutal-femicidio-en-coronel-suarez/,Brutal femicidio en Coronel Suárez | El Diario de Entre Ríos,2019-12-16 15:30:00 UTC,eldiario.com.ar,True,femicidio,femicidio [Support],1,1,0,False,Support,News/Reporting,Argentina,2019,FETCH_FAILED,0,DEAD_no_archive,404,
http://www.ziarelive.ro/stiri/licitatie-pentru-lucrari-de-refacere-a-apararii-de-mal-a-raului-putna-in-satul-coza-tulnici.html,,2019-08-08 21:30:00 UTC,ziarelive.ro,False,COZA,COZA [Support],1,1,0,False,Support,News/Reporting,UNKNOWN,2019,FETCH_FAILED,0,DEAD_no_archive,403,
http://www.indexstiri.ro/individ-urmarit-pentru-tentativa-de-viol-prins-in-lipova.html,,2019-07-09 04:30:00 UTC,indexstiri.ro,False,viol,viol [Support],1,1,0,False,Support,News/Reporting,Romania,2019,FETCH_FAILED,561,RECOVERED_browser,200,browser_headers
http://www.elle.fr/Societe/News/Enceinte-apres-un-viol-a-l-hopital-l-infirmier-plaide-non-coupable-3753888,,2019-02-06 20:15:00 UTC,elle.fr,False,viol,viol [Support],1,1,0,False,Support,News/Reporting,France,2019,FETCH_FAILED,2274,RECOVERED_browser,200,browser_headers
https://www.kcentv.com/article/news/nation-world/amid-metoo-states-debate-teaching-consent-to-kids/500-c451c0e0-b900-40a5-b1f9-296731a435fe,,2019-05-20 13:15:00 UTC,kcentv.com,False,#MeToo,#MeToo [Support],1,1,0,True,Support,News/Reporting,United States,2019,FETCH_FAILED,0,DEAD_no_archive,403,
https://www.24heures.ch/monde/viol-collectif-indigne-espagne/story/26559590,,2017-11-23 11:30:00 UTC,24heures.ch,False,viol,viol [Support],1,1,0,False,Support,News/Reporting,Switzerland,2017,FETCH_FAILED,5096,RECOVERED_browser,200,browser_headers
http://www.theledger.com/zz/news/20180118/has-metoo-gone-too-far-ansari-story-sparks-debate,,2018-01-19 01:30:00 UTC,theledger.com,False,#MeToo,#MeToo [Support],1,1,0,True,Support,News/Reporting,United States,2018,FETCH_FAILED,0,DEAD_no_archive,404,
https://www.tribuneindia.com/news/nation/metoo-woman-accuses-painter-jatin-das-sexual-harassment/669092.html,,2018-10-16 13:30:00 UTC,tribuneindia.com,False,#MeToo,#MeToo [Support],1,1,0,True,Support,News/Reporting,India,2018,FETCH_FAILED,0,DEAD_no_archive,404,
http://bianet.org/english/women/216271-ihd-the-state-should-abandon-the-policy-of-impunity-for-violence-against-women,İHD: The State Should Abandon the Policy of Impunity for Violence Against Women,2019-11-25 13:45:00 UTC,bianet.org,True,violence against women,violence against women [Support],1,1,0,False,Support,News/Reporting,Turkey,2019,FETCH_FAILED,1669,RECOVERED_browser,200,browser_headers
https://www.registercitizen.com/technology/businessinsider/article/Trump-mocks-MeToo-movement-in-derogatory-rant-13053150.php,,2018-07-06 05:00:00 UTC,registercitizen.com,False,#MeToo,#MeToo [Support],1,1,0,True,Support,News/Reporting,United States,2018,FETCH_FAILED,0,DEAD_no_archive,404,
https://www.koin.com/news/local/multnomah-county/portland-protests-patriot-prayer-antifa-himtoo-november-17-2018/1603542470,,2018-11-17 17:15:00 UTC,koin.com,False,#HimToo,#HimToo [Backlash],1,0,1,True,Backlash,News/Reporting,United States,2018,FETCH_FAILED,0,DEAD_no_archive,403,
http://www.paginasiete.bo/seguridad/2018/1/6/envan-chonchocoro-hombre-acusado-feminicidio-infanticio-pucarani-165636.html,,2018-01-07 00:30:00 UTC,paginasiete.bo,False,feminicidio,feminicidio [Support],1,1,0,False,Support,News/Reporting,Bolivia,2018,FETCH_FAILED,0,DEAD_no_archive,522,
http://www.femina.ch/people/news-people/tout-argent-monde-mark-wahlberg-paye-1500-plus-michelle-williams-ridley-scott-inegalites-salariales-sexisme-hollywood,,2018-01-11 12:30:00 UTC,femina.ch,False,sexisme,sexisme [Support],1,1,0,False,Support,News/Reporting,Switzerland,2018,FETCH_FAILED,0,DEAD_no_archive,404,
https://www.24heures.ch/vaud-regions/chuv-sensibilise-sexisme/story/13699852,,2018-11-26 12:30:00 UTC,24heures.ch,False,sexisme,sexisme [Support],1,1,0,False,Support,News/Reporting,Switzerland,2018,FETCH_FAILED,4464,RECOVERED_browser,200,browser_headers
https://www.983thecoast.com/2018/08/21/prominent-metoo-activist-actress-asia-argento-paid-off-actor-jimmy-bennett-after-he-accused-her-of-sexual-assault/,,2018-08-21 12:15:00 UTC,983thecoast.com,False,#MeToo,#MeToo [Support],1,1,0,True,Support,News/Reporting,UNKNOWN,2018,FETCH_FAILED,0,DEAD_no_archive,404,
http://www.arklatexhomepage.com/news/outspoken-california-metoo-advocate-accused-of-misconduct/962227319,,2018-02-10 00:30:00 UTC,arklatexhomepage.com,False,#MeToo,#MeToo [Support],1,1,0,True,Support,News/Reporting,United States,2018,FETCH_FAILED,0,DEAD_no_archive,403,
https://madison.com/news/nation/government-and-politics/favorites-for-franken-s-minnesota-seat-reflect-metoo-s-rise/article_1162ffb6-d334-5db1-9897-47cac908a2dc.html,,2018-08-14 05:45:00 UTC,madison.com,False,#MeToo,#MeToo [Support],1,1,0,True,Support,News/Reporting,United States,2018,FETCH_FAILED,0,DEAD_no_archive,404,
https://www.fuse.tv/2018/01/kesha-grammys-2018-performance-praying-timesup,,2018-01-29 05:45:00 UTC,fuse.tv,False,#TimesUp,#TimesUp [Support],1,1,0,True,Support,News/Reporting,Tuvalu,2018,FETCH_FAILED,0,DEAD_no_archive,410,
http://www.ziarelive.ro/stiri/document-bomba-in-procesul-de-viol-intentat-lui-cristiano-ronaldo-declaratia-care-poate-declansa-furtuna-pentru-starul-portughez-detaliile-esentiale-admise-de-cr7-in-fata-acuzarii.html,,2018-12-01 08:30:00 UTC,ziarelive.ro,False,viol,viol [Support],1,1,0,False,Support,News/Reporting,UNKNOWN,2018,FETCH_FAILED,0,DEAD_no_archive,403,
https://www.mediaite.com/print/bob-woodward-slammed-over-botched-conversation-with-authors-of-metoo-book-so-clueless/,Bob Woodward Slammed Over Conversation With #MeToo Authors,2019-10-03 18:00:00 UTC,mediaite.com,False,#MeToo,#MeToo [Support],1,1,0,True,Support,News/Reporting,United States,2019,FETCH_FAILED,0,DEAD_no_archive,403,
https://news.yahoo.com/metoo-forces-mario-batali-food-201925821.html,,2019-03-07 18:00:00 UTC,yahoo.com,False,#MeToo,#MeToo [Support],1,1,0,True,Support,News/Reporting,United States,2019,TOO_SHORT,363,SHORT_browser,200,browser_headers
http://mtpr.org/post/tester-working-capture-energy-womens-march-and-metoo-movements,,2018-02-06 00:30:00 UTC,mtpr.org,False,#MeToo,#MeToo [Support],1,1,0,True,Support,News/Reporting,United States,2018,FETCH_FAILED,4356,RECOVERED_browser,200,browser_headers
https://nsd.se/kultur-noje/filmbolag-far-metoo-kritik-efter-varvning-nm5003241.aspx,,2019-01-10 12:15:00 UTC,nsd.se,False,#MeToo,#MeToo [Support],1,1,0,True,Support,News/Reporting,Sweden,2019,FETCH_FAILED,0,DEAD_no_archive,404,
https://www.sudinfo.be/id96494/article/2019-01-16/viol-au-36-quai-des-orfevres-emily-raconte-cette-nuit-ou-sa-vie-bascule,,2019-01-16 21:45:00 UTC,sudinfo.be,False,viol,viol [Support],1,1,0,False,Support,News/Reporting,Belgium,2019,FETCH_FAILED,0,DEAD_no_archive,403,
https://actu.fr/hauts-de-france/lille_59350/lille-ouverture-dune-enquete-viol-dune-femme-pres-champ-mars_20750858.html,,2019-01-10 12:30:00 UTC,actu.fr,False,viol,viol [Support],1,1,0,False,Support,News/Reporting,UNKNOWN,2019,FETCH_FAILED,1115,RECOVERED_browser,200,browser_headers
http://www.business-standard.com/article/news-ians/rs-2-644-cr-approved-for-various-schemes-under-nirbhaya-fund-117122101473_1.html,,2017-12-21 18:00:00 UTC,business-standard.com,False,Nirbhaya,Nirbhaya [Support],1,1,0,False,Support,News/Reporting,India,2017,FETCH_FAILED,0,DEAD_no_archive,403,
http://www.startribune.com/metoo-reaches-into-the-monastery-in-china/493386051/,,2018-09-15 20:45:00 UTC,startribune.com,False,#MeToo,#MeToo [Support],1,1,0,True,Support,News/Reporting,United States,2018,FETCH_FAILED,0,DEAD_no_archive,404,
https://www.solinger-tageblatt.de/leute/metoo-aktivistin-laeutet-jahr-2018-am-times-square-ein-zr-9464912.html,,2017-12-19 21:15:00 UTC,solinger-tageblatt.de,False,#MeToo,#MeToo [Support],1,1,0,True,Support,News/Reporting,UNKNOWN,2017,FETCH_FAILED,0,DEAD_no_archive,403,
http://www.dailymail.co.uk/news/article-5410857/Mary-Beard-MeToo-hashtag-does-not-solve-problem.html,,2018-02-20 09:30:00 UTC,dailymail.co.uk,False,#MeToo,#MeToo [Support],1,1,0,True,Support,News/Reporting,United Kingdom,2018,FETCH_FAILED,5375,RECOVERED_browser,200,browser_headers
https://www.bakersfield.com/ap/news/metoo-movement-sends-hollywood-figures-into-exile-not-jail/article_c1cd9d19-9da7-5b82-bf54-5a1215ed2327.html,,2018-10-06 21:00:00 UTC,bakersfield.com,False,#MeToo,#MeToo [Support],1,1,0,True,Support,News/Reporting,United States,2018,FETCH_FAILED,0,DEAD_no_archive,404,
http://www.nordeclair.be/137650/article/2017-10-10/viol-mortel-sedan-bientot-le-proces,,2017-10-11 14:15:00 UTC,nordeclair.be,False,viol,viol [Support],1,1,0,False,Support,News/Reporting,Belgium,2017,FETCH_FAILED,0,DEAD_no_archive,403,
https://www.noroeste.com.mx/publicaciones/view/feminicidio-de-sugey-refleja-la-falta-de-prevencion-de-la-violencia-en-sinaloa-senala-priscila-salas-1152703,,2019-01-11 01:45:00 UTC,noroeste.com.mx,False,feminicidio,feminicidio [Support],1,1,0,False,Support,News/Reporting,Mexico,2019,NO_TEXT,1736,RECOVERED_browser,200,browser_headers
https://www.arcinfo.ch/articles/suisse/violences-sexuelles-punir-les-relations-sexuelles-non-consenties-comme-des-viols-887041,Violences sexuelles: punir les relations sexuelles non...,2019-11-28 15:45:00 UTC,arcinfo.ch,False,violences sexuelles,violences sexuelles [Support],1,1,0,False,Support,News/Reporting,Switzerland,2019,FETCH_FAILED,4008,RECOVERED_browser,200,browser_headers
http://www.diariojunin.com/noticias/74895_murio-tras-padecer-violencia-de-su-ex-y-el-femicidio-de-su-hija-adolescente-en-chaco.html,,2019-08-30 19:15:00 UTC,diariojunin.com,False,femicidio,femicidio [Support],1,1,0,False,Support,News/Reporting,UNKNOWN,2019,NO_TEXT,0,NO_TEXT_browser,200,
https://www.dailytelegraph.com.au/rendezview/a-letter-to-my-girls-in-the-time-of-metoo/news-story/3b18f9ff57399f59e71e5113d2ed35a1?nk=ce3cefd62a29ef4ccb50f6c66e71ba12-1518871591,,2018-02-17 13:00:00 UTC,dailytelegraph.com.au,False,#MeToo,#MeToo [Support],1,1,0,True,Support,News/Reporting,Australia,2018,FETCH_FAILED,0,DEAD_no_archive,403,
http://www.timpul.md/articol/rezultatele-sondajului-socio-politic-fop---daca-duminica-ar-avea-loc-alegeri-psrm---503-pas--259-pdm---62-ppda---41-i-pcrm-37-123209.html,,2017-11-06 21:00:00 UTC,timpul.md,False,PPDA,PPDA [Support],1,1,0,False,Support,News/Reporting,Moldova,2017,FETCH_FAILED,0,DEAD_no_archive,404,
https://www.businessinsider.in/politics/news/ninth-woman-accuses-former-sen-al-franken-of-sexual-harassment-as-he-steps-back-into-the-public-eye/articleshow/71379761.cms,Ninth woman accuses former Sen. Al Franken of sexual harassment as he steps back into the public eye,2019-09-30 18:30:00 UTC,businessinsider.in,False,sexual harassment,sexual harassment [Support],1,1,0,False,Support,News/Reporting,India,2019,FETCH_FAILED,0,DEAD_no_archive,DNS_OR_CONN,
https://www.channelnewsasia.com/news/world/nobel-figure-quits-after-swedish-body-s--metoo-scandal-11291764,,2019-02-26 19:45:00 UTC,channelnewsasia.com,False,#MeToo,#MeToo [Support],1,1,0,True,Support,News/Reporting,United States,2019,FETCH_FAILED,0,DEAD_no_archive,404,
https://www.noticiasdel6.com/la-sociedad-la-hacemos-nosotros-jovenes-sobre-la-violencia-de-genero/,"▷ ""La sociedad la hacemos nosotros"": jóvenes sobre la violencia de género",2019-11-11 22:30:00 UTC,noticiasdel6.com,True,violencia de género,violencia de género [Support],1,1,0,False,Support,News/Reporting,Argentina,2019,NO_TEXT,1121,RECOVERED_browser,200,browser_headers
https://www.tvshow.com.uy/personajes/lindsay-lohan-disculpa-polemicos-comentarios-movimiento-metoo.html,,2018-08-14 08:15:00 UTC,tvshow.com.uy,False,#MeToo,#MeToo [Support],1,1,0,True,Support,News/Reporting,Uruguay,2018,FETCH_FAILED,0,DEAD_no_archive,403,
https://www.chron.com/news/world/article/India-minister-denies-misconduct-after-MeToo-13305944.php,,2018-10-14 15:45:00 UTC,chron.com,False,#MeToo,#MeToo [Support],1,1,0,True,Support,News/Reporting,United States,2018,FETCH_FAILED,0,DEAD_no_archive,404,
https://www.firstpost.com/india/metoo-in-india-yougov-survey-show-over-50-of-people-aged-30-and-above-are-now-careful-in-dealing-with-opposite-sex-5442761.html,,2018-10-25 07:30:00 UTC,firstpost.com,False,#MeToo,#MeToo [Support],1,1,0,True,Support,News/Reporting,India,2018,FETCH_FAILED,1804,RECOVERED_browser,200,browser_headers
https://ubr.ua/market/agricultural-market/krupnejshaja-v-ukraine-molochnaja-hruppa-nachala-postavki-masla-v-kitaj-3871560,,2018-06-14 08:15:00 UTC,ubr.ua,False,masla,masla [Backlash],1,0,1,False,Backlash,News/Reporting,Ukraine,2018,FETCH_FAILED,0,DEAD_no_archive,DNS_OR_CONN,
http://www.nuevodiarioweb.com.ar/noticias/2018/12/06/177579-masivo-repudio-al-fallo-por-el-femicidio-de-lucia-perez,,2018-12-06 10:15:00 UTC,nuevodiarioweb.com.ar,False,femicidio,femicidio [Support],1,1,0,False,Support,News/Reporting,Argentina,2018,NO_TEXT,1386,RECOVERED_browser,200,browser_headers
